時間戳記,運行時間(s),角度(deg),ΔX(cm),ΔY(cm),ΔZ(cm),絕對X(cm),絕對Y(cm),絕對Z(cm),是否穩定,加速度X(g),加速度Y(g),加速度Z(g),陀螺儀X(deg/s),陀螺儀Y(deg/s),陀螺儀Z(deg/s)
2026-01-24 09:41:55.491,84.64,75.8,0.0,43.6,34.0,0.0,38.8,-9.8,是,0.000,0.000,0.000,0.0,0.0,0.0
2026-01-24 09:41:55.491,84.66,75.8,0.0,43.6,34.0,0.0,38.8,-9.8,是,0.000,0.000,0.000,0.0,0.0,0.0
2026-01-24 09:41:55.491,84.68,75.8,0.0,43.6,34.0,0.0,38.8,-9.8,是,0.000,0.000,0.000,0.0,0.0,0.0
2026-01-24 09:41:55.491,84.70,75.8,0.0,43.6,34.0,0.0,38.8,-9.8,是,0.000,0.000,0.000,0.0,0.0,0.0
2026-01-24 09:41:55.491,84.72,75.4,0.0,43.5,33.6,0.0,38.7,-10.1,是,0.000,0.000,0.000,0.0,0.0,0.0
2026-01-24 09:41:55.491,84.74,75.5,0.0,43.6,33.7,0.0,38.7,-10.0,是,0.000,0.000,0.000,0.0,0.0,0.0
2026-01-24 09:41:55.491,84.76,75.7,0.0,43.6,33.8,0.0,38.8,-9.9,是,0.000,0.000,0.000,0.0,0.0,0.0
2026-01-24 09:41:55.491,84.78,75.7,0.0,43.6,33.8,0.0,38.8,-9.9,是,0.000,0.000,0.000,0.0,0.0,0.0
2026-01-24 09:41:55.491,84.80,75.7,0.0,43.6,33.8,0.0,38.8,-9.9,是,0.000,0.000,0.000,0.0,0.0,0.0
2026-01-24 09:41:55.491,84.82,75.9,0.0,43.7,34.1,0.0,38.8,-9.7,是,0.000,0.000,0.000,0.0,0.0,0.0
2026-01-24 09:41:55.491,84.84,75.9,0.0,43.7,34.1,0.0,38.8,-9.7,是,0.000,0.000,0.000,0.0,0.0,0.0
2026-01-24 09:41:55.491,84.86,75.9,0.0,43.7,34.1,0.0,38.8,-9.7,是,0.000,0.000,0.000,0.0,0.0,0.0
2026-01-24 09:41:55.491,84.88,75.9,0.0,43.7,34.1,0.0,38.8,-9.7,是,0.000,0.000,0.000,0.0,0.0,0.0
2026-01-24 09:41:55.491,84.90,75.9,0.0,43.7,34.1,0.0,38.8,-9.7,是,0.000,0.000,0.000,0.0,0.0,0.0
2026-01-24 09:41:55.491,84.92,75.8,0.0,43.6,34.0,0.0,38.8,-9.8,是,0.000,0.000,0.000,0.0,0.0,0.0
2026-01-24 09:41:55.491,84.94,75.8,0.0,43.6,34.0,0.0,38.8,-9.8,是,0.000,0.000,0.000,0.0,0.0,0.0
2026-01-24 09:41:55.491,84.96,75.8,0.0,43.6,34.0,0.0,38.8,-9.8,是,0.000,0.000,0.000,0.0,0.0,0.0
2026-01-24 09:41:55.491,84.98,75.8,0.0,43.6,34.0,0.0,38.8,-9.8,是,0.000,0.000,0.000,0.0,0.0,0.0
2026-01-24 09:41:55.491,85.00,75.8,0.0,43.6,34.0,0.0,38.8,-9.8,是,0.000,0.000,0.000,0.0,0.0,0.0
2026-01-24 09:41:55.491,85.02,75.8,0.0,43.6,34.0,0.0,38.8,-9.8,是,0.000,0.000,0.000,0.0,0.0,0.0
2026-01-24 09:41:55.491,85.04,75.8,0.0,43.6,34.0,0.0,38.8,-9.8,是,0.000,0.000,0.000,0.0,0.0,0.0
2026-01-24 09:41:55.491,85.06,75.8,0.0,43.6,34.0,0.0,38.8,-9.8,是,0.000,0.000,0.000,0.0,0.0,0.0
2026-01-24 09:41:55.491,85.08,75.9,0.0,43.7,34.1,0.0,38.8,-9.7,是,0.000,0.000,0.000,0.0,0.0,0.0
2026-01-24 09:41:55.491,85.10,75.9,0.0,43.7,34.1,0.0,38.8,-9.7,是,0.000,0.000,0.000,0.0,0.0,0.0
2026-01-24 09:41:55.491,85.12,75.9,0.0,43.7,34.1,0.0,38.8,-9.7,是,0.000,0.000,0.000,0.0,0.0,0.0
2026-01-24 09:41:56.003,85.14,75.9,0.0,43.7,34.1,0.0,38.8,-9.7,是,0.000,0.000,0.000,0.0,0.0,0.0
2026-01-24 09:41:56.003,85.16,75.9,0.0,43.7,34.1,0.0,38.8,-9.7,是,0.000,0.000,0.000,0.0,0.0,0.0
2026-01-24 09:41:56.003,85.18,75.9,0.0,43.7,34.1,0.0,38.8,-9.7,是,0.000,0.000,0.000,0.0,0.0,0.0
2026-01-24 09:41:56.003,85.20,75.9,0.0,43.7,34.1,0.0,38.8,-9.7,是,0.000,0.000,0.000,0.0,0.0,0.0
2026-01-24 09:41:56.003,85.22,75.8,0.0,43.6,34.0,0.0,38.8,-9.8,是,0.000,0.000,0.000,0.0,0.0,0.0
2026-01-24 09:41:56.003,85.24,75.9,0.0,43.7,34.1,0.0,38.8,-9.7,是,0.000,0.000,0.000,0.0,0.0,0.0
2026-01-24 09:41:56.003,85.26,75.9,0.0,43.7,34.1,0.0,38.8,-9.7,是,0.000,0.000,0.000,0.0,0.0,0.0
2026-01-24 09:41:56.004,85.28,75.9,0.0,43.7,34.1,0.0,38.8,-9.7,是,0.000,0.000,0.000,0.0,0.0,0.0
2026-01-24 09:41:56.004,85.30,75.9,0.0,43.7,34.1,0.0,38.8,-9.7,是,0.000,0.000,0.000,0.0,0.0,0.0
2026-01-24 09:41:56.004,85.32,75.9,0.0,43.7,34.1,0.0,38.8,-9.7,是,0.000,0.000,0.000,0.0,0.0,0.0
2026-01-24 09:41:56.004,85.34,76.1,0.0,43.7,34.2,0.0,38.8,-9.6,是,0.000,0.000,0.000,0.0,0.0,0.0
2026-01-24 09:41:56.004,85.36,76.1,0.0,43.7,34.2,0.0,38.8,-9.6,是,0.000,0.000,0.000,0.0,0.0,0.0
2026-01-24 09:41:56.004,85.38,76.1,0.0,43.7,34.2,0.0,38.8,-9.6,是,0.000,0.000,0.000,0.0,0.0,0.0
2026-01-24 09:41:56.004,85.40,76.2,0.0,43.7,34.3,0.0,38.8,-9.5,是,0.000,0.000,0.000,0.0,0.0,0.0
2026-01-24 09:41:56.004,85.42,76.2,0.0,43.7,34.3,0.0,38.8,-9.5,是,0.000,0.000,0.000,0.0,0.0,0.0
2026-01-24 09:41:56.004,85.44,76.2,0.0,43.7,34.3,0.0,38.8,-9.5,是,0.000,0.000,0.000,0.0,0.0,0.0
2026-01-24 09:41:56.004,85.46,76.2,0.0,43.7,34.3,0.0,38.8,-9.5,是,0.000,0.000,0.000,0.0,0.0,0.0
2026-01-24 09:41:56.004,85.48,76.1,0.0,43.7,34.2,0.0,38.8,-9.6,是,0.000,0.000,0.000,0.0,0.0,0.0
2026-01-24 09:41:56.004,85.50,76.1,0.0,43.7,34.2,0.0,38.8,-9.6,是,0.000,0.000,0.000,0.0,0.0,0.0
2026-01-24 09:41:56.004,85.52,76.2,0.0,43.7,34.3,0.0,38.8,-9.5,是,0.000,0.000,0.000,0.0,0.0,0.0
2026-01-24 09:41:56.004,85.54,76.2,0.0,43.7,34.3,0.0,38.8,-9.5,是,0.000,0.000,0.000,0.0,0.0,0.0
2026-01-24 09:41:56.004,85.56,76.5,0.0,43.8,34.5,0.0,38.9,-9.3,是,0.000,0.000,0.000,0.0,0.0,0.0
2026-01-24 09:41:56.004,85.58,76.5,0.0,43.8,34.5,0.0,38.9,-9.3,是,0.000,0.000,0.000,0.0,0.0,0.0
2026-01-24 09:41:56.004,85.60,76.5,0.0,43.8,34.5,0.0,38.9,-9.3,是,0.000,0.000,0.000,0.0,0.0,0.0
2026-01-24 09:41:56.004,85.62,76.5,0.0,43.8,34.5,0.0,38.9,-9.3,是,0.000,0.000,0.000,0.0,0.0,0.0
2026-01-24 09:41:56.413,85.64,76.5,0.0,43.8,34.5,0.0,38.9,-9.3,是,0.000,0.000,0.000,0.0,0.0,0.0
2026-01-24 09:41:56.413,85.66,76.4,0.0,43.7,34.4,0.0,38.9,-9.4,是,0.000,0.000,0.000,0.0,0.0,0.0
2026-01-24 09:41:56.413,85.68,76.7,0.0,43.8,34.6,0.0,38.9,-9.2,是,0.000,0.000,0.000,0.0,0.0,0.0
2026-01-24 09:41:56.413,85.70,76.7,0.0,43.8,34.6,0.0,38.9,-9.2,是,0.000,0.000,0.000,0.0,0.0,0.0
2026-01-24 09:41:56.413,85.72,77.0,0.0,43.8,34.8,0.0,39.0,-9.0,是,0.000,0.000,0.000,0.0,0.0,0.0
2026-01-24 09:41:56.413,85.74,77.0,0.0,43.8,34.8,0.0,39.0,-9.0,是,0.000,0.000,0.000,0.0,0.0,0.0
2026-01-24 09:41:56.413,85.76,77.0,0.0,43.8,34.8,0.0,39.0,-9.0,是,0.000,0.000,0.000,0.0,0.0,0.0
2026-01-24 09:41:56.413,85.78,77.0,0.0,43.8,34.8,0.0,39.0,-9.0,是,0.000,0.000,0.000,0.0,0.0,0.0
2026-01-24 09:41:56.413,85.80,77.0,0.0,43.8,34.8,0.0,39.0,-9.0,是,0.000,0.000,0.000,0.0,0.0,0.0
2026-01-24 09:41:56.413,85.82,77.0,0.0,43.8,34.8,0.0,39.0,-9.0,是,0.000,0.000,0.000,0.0,0.0,0.0
2026-01-24 09:41:56.413,85.84,76.8,0.0,43.8,34.7,0.0,38.9,-9.1,是,0.000,0.000,0.000,0.0,0.0,0.0
2026-01-24 09:41:56.413,85.86,77.1,0.0,43.9,35.0,0.0,39.0,-8.9,是,0.000,0.000,0.000,0.0,0.0,0.0
2026-01-24 09:41:56.413,85.88,77.2,0.0,43.9,35.1,0.0,39.0,-8.9,是,0.000,0.000,0.000,0.0,0.0,0.0
2026-01-24 09:41:56.413,85.90,77.4,0.0,43.9,35.2,0.0,39.0,-8.7,是,0.000,0.000,0.000,0.0,0.0,0.0
2026-01-24 09:41:56.413,85.92,77.4,0.0,43.9,35.2,0.0,39.0,-8.7,是,0.000,0.000,0.000,0.0,0.0,0.0
2026-01-24 09:41:56.413,85.94,77.8,0.0,44.0,35.5,0.0,39.1,-8.5,是,0.000,0.000,0.000,0.0,0.0,0.0
2026-01-24 09:41:56.413,85.96,77.8,0.0,44.0,35.5,0.0,39.1,-8.5,是,0.000,0.000,0.000,0.0,0.0,0.0
2026-01-24 09:41:56.413,85.98,77.7,0.0,44.0,35.4,0.0,39.1,-8.5,是,0.000,0.000,0.000,0.0,0.0,0.0
2026-01-24 09:41:56.413,86.00,77.7,0.0,44.0,35.4,0.0,39.1,-8.5,是,0.000,0.000,0.000,0.0,0.0,0.0
2026-01-24 09:41:56.413,86.02,77.8,0.0,44.0,35.5,0.0,39.1,-8.5,是,0.000,0.000,0.000,0.0,0.0,0.0
2026-01-24 09:41:56.413,86.04,77.8,0.0,44.0,35.5,0.0,39.1,-8.5,是,0.000,0.000,0.000,0.0,0.0,0.0
2026-01-24 09:41:56.413,86.06,77.8,0.0,44.0,35.5,0.0,39.1,-8.5,是,0.000,0.000,0.000,0.0,0.0,0.0
2026-01-24 09:41:56.413,86.08,78.0,0.0,44.0,35.6,0.0,39.1,-8.3,是,0.000,0.000,0.000,0.0,0.0,0.0
2026-01-24 09:41:56.413,86.10,78.1,0.0,44.0,35.7,0.0,39.1,-8.2,是,0.000,0.000,0.000,0.0,0.0,0.0
2026-01-24 09:41:56.413,86.12,78.3,0.0,44.1,35.8,0.0,39.2,-8.1,是,0.000,0.000,0.000,0.0,0.0,0.0
2026-01-24 09:41:56.926,86.14,77.8,0.0,44.0,35.5,0.0,39.1,-8.5,是,0.000,0.000,0.000,0.0,0.0,0.0
2026-01-24 09:41:56.926,86.16,77.5,0.0,43.9,35.3,0.0,39.1,-8.7,是,0.000,0.000,0.000,0.0,0.0,0.0
2026-01-24 09:41:56.926,86.18,77.0,0.0,43.8,34.8,0.0,39.0,-9.0,否,0.000,0.000,0.000,0.0,0.0,0.0
2026-01-24 09:41:56.926,86.20,76.4,0.0,43.7,34.4,0.0,38.9,-9.4,否,0.000,0.000,0.000,0.0,0.0,0.0
2026-01-24 09:41:56.926,86.22,75.7,0.0,43.6,33.8,0.0,38.8,-9.9,否,0.000,0.000,0.000,0.0,0.0,0.0
2026-01-24 09:41:56.926,86.24,74.9,0.0,43.5,33.3,0.0,38.6,-10.4,否,0.000,0.000,0.000,0.0,0.0,0.0
2026-01-24 09:41:56.926,86.26,73.9,0.0,43.2,32.5,0.0,38.4,-11.1,否,0.000,0.000,0.000,0.0,0.0,0.0
2026-01-24 09:41:56.926,86.28,73.3,0.0,43.1,32.1,0.0,38.3,-11.5,否,0.000,0.000,0.000,0.0,0.0,0.0
2026-01-24 09:41:56.926,86.30,72.5,0.0,42.9,31.4,0.0,38.1,-12.0,否,0.000,0.000,0.000,0.0,0.0,0.0
2026-01-24 09:41:56.926,86.32,71.6,0.0,42.7,30.8,0.0,38.0,-12.6,否,0.000,0.000,0.000,0.0,0.0,0.0
2026-01-24 09:41:56.926,86.34,70.6,0.0,42.4,30.0,0.0,37.7,-13.3,否,0.000,0.000,0.000,0.0,0.0,0.0
2026-01-24 09:41:56.927,86.36,69.7,0.0,42.2,29.4,0.0,37.5,-13.9,否,0.000,0.000,0.000,0.0,0.0,0.0
2026-01-24 09:41:56.927,86.38,68.0,0.0,41.7,28.1,0.0,37.1,-15.0,否,0.000,0.000,0.000,0.0,0.0,0.0
2026-01-24 09:41:56.927,86.40,66.1,0.0,41.1,26.8,0.0,36.6,-16.2,否,0.000,0.000,0.000,0.0,0.0,0.0
2026-01-24 09:41:56.927,86.42,64.2,0.0,40.5,25.4,0.0,36.0,-17.4,否,0.000,0.000,0.000,0.0,0.0,0.0
2026-01-24 09:41:56.927,86.44,62.0,0.0,39.7,23.9,0.0,35.3,-18.8,否,0.000,0.000,0.000,0.0,0.0,0.0
2026-01-24 09:41:56.927,86.46,59.7,0.0,38.9,22.3,0.0,34.5,-20.2,否,0.000,0.000,0.000,0.0,0.0,0.0
2026-01-24 09:41:56.927,86.48,57.0,0.0,37.7,20.5,0.0,33.5,-21.8,否,0.000,0.000,0.000,0.0,0.0,0.0
2026-01-24 09:41:56.927,86.50,54.1,0.0,36.4,18.6,0.0,32.4,-23.5,否,0.000,0.000,0.000,0.0,0.0,0.0
2026-01-24 09:41:56.927,86.52,50.9,0.0,34.9,16.6,0.0,31.0,-25.2,否,0.000,0.000,0.000,0.0,0.0,0.0
2026-01-24 09:41:56.927,86.54,47.1,0.0,33.0,14.4,0.0,29.3,-27.2,否,0.000,0.000,0.000,0.0,0.0,0.0
2026-01-24 09:41:56.927,86.56,43.3,0.0,30.9,12.3,0.0,27.4,-29.1,否,0.000,0.000,0.000,0.0,0.0,0.0
2026-01-24 09:41:56.927,86.58,39.7,0.0,28.8,10.4,0.0,25.6,-30.8,否,0.000,0.000,0.000,0.0,0.0,0.0
2026-01-24 09:41:56.927,86.60,35.9,0.0,26.4,8.6,0.0,23.5,-32.4,否,0.000,0.000,0.000,0.0,0.0,0.0
2026-01-24 09:41:56.927,86.62,32.0,0.0,23.9,6.8,0.0,21.2,-33.9,否,0.000,0.000,0.000,0.0,0.0,0.0
2026-01-24 09:41:57.430,86.64,27.8,0.0,21.0,5.2,0.0,18.7,-35.4,否,0.000,0.000,0.000,0.0,0.0,0.0
2026-01-24 09:41:57.430,86.66,23.5,0.0,17.9,3.7,0.0,15.9,-36.7,否,0.000,0.000,0.000,0.0,0.0,0.0
2026-01-24 09:41:57.430,86.68,19.3,0.0,14.9,2.5,0.0,13.2,-37.8,否,0.000,0.000,0.000,0.0,0.0,0.0
2026-01-24 09:41:57.430,86.70,14.8,0.0,11.5,1.5,0.0,10.2,-38.7,否,0.000,0.000,0.000,0.0,0.0,0.0
2026-01-24 09:41:57.431,86.72,10.6,0.0,8.3,0.8,0.0,7.4,-39.3,否,0.000,0.000,0.000,0.0,0.0,0.0
2026-01-24 09:41:57.431,86.74,7.0,0.0,5.5,0.3,0.0,4.9,-39.7,否,0.000,0.000,0.000,0.0,0.0,0.0
2026-01-24 09:41:57.431,86.76,3.6,0.0,2.8,0.1,0.0,2.5,-39.9,否,0.000,0.000,0.000,0.0,0.0,0.0
2026-01-24 09:41:57.431,86.78,0.4,0.0,0.3,0.0,0.0,0.3,-40.0,否,0.000,0.000,0.000,0.0,0.0,0.0
2026-01-24 09:41:57.431,86.80,0.0,0.0,0.0,0.0,0.0,0.0,-40.0,否,0.000,0.000,0.000,0.0,0.0,0.0
2026-01-24 09:41:57.431,86.82,0.0,0.0,0.0,0.0,0.0,0.0,-40.0,否,0.000,0.000,0.000,0.0,0.0,0.0
2026-01-24 09:41:57.431,86.84,0.0,0.0,0.0,0.0,0.0,0.0,-40.0,否,0.000,0.000,0.000,0.0,0.0,0.0
2026-01-24 09:41:57.431,86.86,0.0,0.0,0.0,0.0,0.0,0.0,-40.0,否,0.000,0.000,0.000,0.0,0.0,0.0
2026-01-24 09:41:57.431,86.88,0.0,0.0,0.0,0.0,0.0,0.0,-40.0,否,0.000,0.000,0.000,0.0,0.0,0.0
2026-01-24 09:41:57.431,86.90,0.0,0.0,0.0,0.0,0.0,0.0,-40.0,否,0.000,0.000,0.000,0.0,0.0,0.0
2026-01-24 09:41:57.431,86.92,0.0,0.0,0.0,0.0,0.0,0.0,-40.0,否,0.000,0.000,0.000,0.0,0.0,0.0
2026-01-24 09:41:57.431,86.94,0.0,0.0,0.0,0.0,0.0,0.0,-40.0,否,0.000,0.000,0.000,0.0,0.0,0.0
2026-01-24 09:41:57.431,86.96,0.0,0.0,0.0,0.0,0.0,0.0,-40.0,否,0.000,0.000,0.000,0.0,0.0,0.0
2026-01-24 09:41:57.431,86.98,0.0,0.0,0.0,0.0,0.0,0.0,-40.0,否,0.000,0.000,0.000,0.0,0.0,0.0
2026-01-24 09:41:57.431,87.00,0.0,0.0,0.0,0.0,0.0,0.0,-40.0,否,0.000,0.000,0.000,0.0,0.0,0.0
2026-01-24 09:41:57.431,87.02,0.0,0.0,0.0,0.0,0.0,0.0,-40.0,否,0.000,0.000,0.000,0.0,0.0,0.0
2026-01-24 09:41:57.431,87.04,0.0,0.0,0.0,0.0,0.0,0.0,-40.0,否,0.000,0.000,0.000,0.0,0.0,0.0
2026-01-24 09:41:57.431,87.06,0.0,0.0,0.0,0.0,0.0,0.0,-40.0,否,0.000,0.000,0.000,0.0,0.0,0.0
2026-01-24 09:41:57.431,87.08,0.0,0.0,0.0,0.0,0.0,0.0,-40.0,否,0.000,0.000,0.000,0.0,0.0,0.0
2026-01-24 09:41:57.431,87.10,5.5,0.0,4.3,0.2,0.0,3.8,-39.8,否,0.000,0.000,0.000,0.0,0.0,0.0
2026-01-24 09:41:57.431,87.12,12.9,0.0,10.0,1.1,0.0,8.9,-39.0,否,0.000,0.000,0.000,0.0,0.0,0.0
2026-01-24 09:41:58.170,87.14,19.7,0.0,15.2,2.6,0.0,13.5,-37.7,否,0.000,0.000,0.000,0.0,0.0,0.0
2026-01-24 09:41:58.170,87.16,26.2,0.0,19.9,4.6,0.0,17.7,-35.9,否,0.000,0.000,0.000,0.0,0.0,0.0
2026-01-24 09:41:58.170,87.18,32.3,0.0,24.1,7.0,0.0,21.4,-33.8,否,0.000,0.000,0.000,0.0,0.0,0.0
2026-01-24 09:41:58.170,87.20,37.4,0.0,27.3,9.2,0.0,24.3,-31.8,否,0.000,0.000,0.000,0.0,0.0,0.0
2026-01-24 09:41:58.170,87.22,43.0,0.0,30.7,12.1,0.0,27.3,-29.3,否,0.000,0.000,0.000,0.0,0.0,0.0
2026-01-24 09:41:58.170,87.24,50.1,0.0,34.5,16.2,0.0,30.7,-25.7,否,0.000,0.000,0.000,0.0,0.0,0.0
2026-01-24 09:41:58.170,87.26,57.4,0.0,37.9,20.7,0.0,33.7,-21.6,否,0.000,0.000,0.000,0.0,0.0,0.0
2026-01-24 09:41:58.170,87.28,63.3,0.0,40.2,24.8,0.0,35.7,-18.0,否,0.000,0.000,0.000,0.0,0.0,0.0
2026-01-24 09:41:58.170,87.30,68.8,0.0,42.0,28.8,0.0,37.3,-14.5,否,0.000,0.000,0.000,0.0,0.0,0.0
2026-01-24 09:41:58.170,87.32,73.5,0.0,43.1,32.2,0.0,38.4,-11.4,否,0.000,0.000,0.000,0.0,0.0,0.0
2026-01-24 09:41:58.170,87.34,77.5,0.0,43.9,35.3,0.0,39.1,-8.7,否,0.000,0.000,0.000,0.0,0.0,0.0
2026-01-24 09:41:58.170,87.36,80.9,0.0,44.4,37.9,0.0,39.5,-6.3,否,0.000,0.000,0.000,0.0,0.0,0.0
2026-01-24 09:41:58.170,87.38,83.6,0.0,44.7,40.0,0.0,39.8,-4.5,否,0.000,0.000,0.000,0.0,0.0,0.0
2026-01-24 09:41:58.170,87.40,86.1,0.0,44.9,41.9,0.0,39.9,-2.7,否,0.000,0.000,0.000,0.0,0.0,0.0
2026-01-24 09:41:58.170,87.42,88.4,0.0,45.0,43.7,0.0,40.0,-1.1,否,0.000,0.000,0.000,0.0,0.0,0.0
2026-01-24 09:41:58.170,87.44,89.9,0.0,45.0,44.9,0.0,40.0,-0.1,否,0.000,0.000,0.000,0.0,0.0,0.0
2026-01-24 09:41:58.170,87.46,90.0,0.0,45.0,45.0,0.0,40.0,-0.0,否,0.000,0.000,0.000,0.0,0.0,0.0
2026-01-24 09:41:58.170,87.48,90.0,0.0,45.0,45.0,0.0,40.0,-0.0,否,0.000,0.000,0.000,0.0,0.0,0.0
2026-01-24 09:41:58.170,87.50,90.0,0.0,45.0,45.0,0.0,40.0,-0.0,否,0.000,0.000,0.000,0.0,0.0,0.0
2026-01-24 09:41:58.170,87.52,90.0,0.0,45.0,45.0,0.0,40.0,-0.0,否,0.000,0.000,0.000,0.0,0.0,0.0
2026-01-24 09:41:58.170,87.54,90.0,0.0,45.0,45.0,0.0,40.0,-0.0,否,0.000,0.000,0.000,0.0,0.0,0.0
2026-01-24 09:41:58.170,87.56,90.0,0.0,45.0,45.0,0.0,40.0,-0.0,否,0.000,0.000,0.000,0.0,0.0,0.0
2026-01-24 09:41:58.170,87.58,90.0,0.0,45.0,45.0,0.0,40.0,-0.0,否,0.000,0.000,0.000,0.0,0.0,0.0
2026-01-24 09:41:58.171,87.60,90.0,0.0,45.0,45.0,0.0,40.0,-0.0,否,0.000,0.000,0.000,0.0,0.0,0.0
2026-01-24 09:41:58.171,87.62,90.0,0.0,45.0,45.0,0.0,40.0,-0.0,否,0.000,0.000,0.000,0.0,0.0,0.0
2026-01-24 09:41:58.312,87.64,90.0,0.0,45.0,45.0,0.0,40.0,-0.0,否,0.000,0.000,0.000,0.0,0.0,0.0
2026-01-24 09:41:58.312,87.66,90.0,0.0,45.0,45.0,0.0,40.0,-0.0,否,0.000,0.000,0.000,0.0,0.0,0.0
2026-01-24 09:41:58.312,87.68,90.0,0.0,45.0,45.0,0.0,40.0,-0.0,否,0.000,0.000,0.000,0.0,0.0,0.0
2026-01-24 09:41:58.312,87.70,89.6,0.0,45.0,44.7,0.0,40.0,-0.3,否,0.000,0.000,0.000,0.0,0.0,0.0
2026-01-24 09:41:58.312,87.72,89.1,0.0,45.0,44.3,0.0,40.0,-0.6,否,0.000,0.000,0.000,0.0,0.0,0.0
2026-01-24 09:41:58.312,87.74,88.7,0.0,45.0,44.0,0.0,40.0,-0.9,否,0.000,0.000,0.000,0.0,0.0,0.0
2026-01-24 09:41:58.312,87.76,88.0,0.0,45.0,43.4,0.0,40.0,-1.4,否,0.000,0.000,0.000,0.0,0.0,0.0
2026-01-24 09:41:58.312,87.78,87.0,0.0,44.9,42.6,0.0,39.9,-2.1,否,0.000,0.000,0.000,0.0,0.0,0.0
2026-01-24 09:41:58.312,87.80,85.8,0.0,44.9,41.7,0.0,39.9,-2.9,否,0.000,0.000,0.000,0.0,0.0,0.0
2026-01-24 09:41:58.312,87.82,84.6,0.0,44.8,40.8,0.0,39.8,-3.8,否,0.000,0.000,0.000,0.0,0.0,0.0
2026-01-24 09:41:58.312,87.84,83.2,0.0,44.7,39.7,0.0,39.7,-4.7,否,0.000,0.000,0.000,0.0,0.0,0.0
2026-01-24 09:41:58.312,87.86,81.6,0.0,44.5,38.4,0.0,39.6,-5.8,否,0.000,0.000,0.000,0.0,0.0,0.0
2026-01-24 09:41:58.312,87.88,79.7,0.0,44.3,37.0,0.0,39.4,-7.2,否,0.000,0.000,0.000,0.0,0.0,0.0
2026-01-24 09:41:58.312,87.90,77.8,0.0,44.0,35.5,0.0,39.1,-8.5,否,0.000,0.000,0.000,0.0,0.0,0.0
2026-01-24 09:41:58.312,87.92,75.5,0.0,43.6,33.7,0.0,38.7,-10.0,否,0.000,0.000,0.000,0.0,0.0,0.0
2026-01-24 09:41:58.312,87.94,73.2,0.0,43.1,32.0,0.0,38.3,-11.6,否,0.000,0.000,0.000,0.0,0.0,0.0
2026-01-24 09:41:58.312,87.96,71.0,0.0,42.6,30.4,0.0,37.8,-13.0,否,0.000,0.000,0.000,0.0,0.0,0.0
2026-01-24 09:41:58.312,87.98,68.3,0.0,41.8,28.3,0.0,37.2,-14.8,否,0.000,0.000,0.000,0.0,0.0,0.0
2026-01-24 09:41:58.312,88.00,65.1,0.0,40.8,26.0,0.0,36.3,-16.8,否,0.000,0.000,0.000,0.0,0.0,0.0
2026-01-24 09:41:58.312,88.02,61.3,0.0,39.5,23.4,0.0,35.1,-19.2,否,0.000,0.000,0.000,0.0,0.0,0.0
2026-01-24 09:41:58.312,88.04,57.1,0.0,37.8,20.6,0.0,33.6,-21.7,否,0.000,0.000,0.000,0.0,0.0,0.0
2026-01-24 09:41:58.312,88.06,52.3,0.0,35.6,17.5,0.0,31.6,-24.5,否,0.000,0.000,0.000,0.0,0.0,0.0
2026-01-24 09:41:58.312,88.08,47.2,0.0,33.0,14.5,0.0,29.3,-27.2,否,0.000,0.000,0.000,0.0,0.0,0.0
2026-01-24 09:41:58.312,88.10,41.7,0.0,30.0,11.4,0.0,26.6,-29.9,否,0.000,0.000,0.000,0.0,0.0,0.0
2026-01-24 09:41:58.312,88.12,36.2,0.0,26.6,8.7,0.0,23.6,-32.3,否,0.000,0.000,0.000,0.0,0.0,0.0
2026-01-24 09:41:58.958,88.14,30.1,0.0,22.6,6.1,0.0,20.1,-34.6,否,0.000,0.000,0.000,0.0,0.0,0.0
2026-01-24 09:41:58.958,88.16,24.3,0.0,18.6,4.0,0.0,16.5,-36.5,否,0.000,0.000,0.000,0.0,0.0,0.0
2026-01-24 09:41:58.958,88.18,18.4,0.0,14.2,2.3,0.0,12.6,-38.0,否,0.000,0.000,0.000,0.0,0.0,0.0
2026-01-24 09:41:58.958,88.20,13.3,0.0,10.4,1.2,0.0,9.2,-38.9,否,0.000,0.000,0.000,0.0,0.0,0.0
2026-01-24 09:41:58.958,88.22,8.7,0.0,6.8,0.5,0.0,6.1,-39.5,否,0.000,0.000,0.000,0.0,0.0,0.0
2026-01-24 09:41:58.958,88.24,5.1,0.0,4.0,0.2,0.0,3.6,-39.8,否,0.000,0.000,0.000,0.0,0.0,0.0
2026-01-24 09:41:58.958,88.26,1.7,0.0,1.4,0.0,0.0,1.2,-40.0,否,0.000,0.000,0.000,0.0,0.0,0.0
2026-01-24 09:41:58.958,88.28,0.0,0.0,0.0,0.0,0.0,0.0,-40.0,否,0.000,0.000,0.000,0.0,0.0,0.0
2026-01-24 09:41:58.958,88.30,0.0,0.0,0.0,0.0,0.0,0.0,-40.0,否,0.000,0.000,0.000,0.0,0.0,0.0
2026-01-24 09:41:58.958,88.32,0.0,0.0,0.0,0.0,0.0,0.0,-40.0,否,0.000,0.000,0.000,0.0,0.0,0.0
2026-01-24 09:41:58.958,88.34,0.0,0.0,0.0,0.0,0.0,0.0,-40.0,否,0.000,0.000,0.000,0.0,0.0,0.0
2026-01-24 09:41:58.958,88.36,0.0,0.0,0.0,0.0,0.0,0.0,-40.0,否,0.000,0.000,0.000,0.0,0.0,0.0
2026-01-24 09:41:58.958,88.38,0.0,0.0,0.0,0.0,0.0,0.0,-40.0,否,0.000,0.000,0.000,0.0,0.0,0.0
2026-01-24 09:41:58.958,88.40,0.0,0.0,0.0,0.0,0.0,0.0,-40.0,否,0.000,0.000,0.000,0.0,0.0,0.0
2026-01-24 09:41:58.958,88.42,0.0,0.0,0.0,0.0,0.0,0.0,-40.0,否,0.000,0.000,0.000,0.0,0.0,0.0
2026-01-24 09:41:58.958,88.44,0.0,0.0,0.0,0.0,0.0,0.0,-40.0,否,0.000,0.000,0.000,0.0,0.0,0.0
2026-01-24 09:41:58.958,88.46,0.0,0.0,0.0,0.0,0.0,0.0,-40.0,否,0.000,0.000,0.000,0.0,0.0,0.0
2026-01-24 09:41:58.958,88.48,0.0,0.0,0.0,0.0,0.0,0.0,-40.0,否,0.000,0.000,0.000,0.0,0.0,0.0
2026-01-24 09:41:58.958,88.50,0.0,0.0,0.0,0.0,0.0,0.0,-40.0,否,0.000,0.000,0.000,0.0,0.0,0.0
2026-01-24 09:41:58.958,88.52,0.0,0.0,0.0,0.0,0.0,0.0,-40.0,否,0.000,0.000,0.000,0.0,0.0,0.0
2026-01-24 09:41:58.958,88.54,2.8,0.0,2.2,0.1,0.0,2.0,-40.0,否,0.000,0.000,0.000,0.0,0.0,0.0
2026-01-24 09:41:58.958,88.56,7.4,0.0,5.8,0.4,0.0,5.2,-39.7,否,0.000,0.000,0.000,0.0,0.0,0.0
2026-01-24 09:41:58.958,88.58,12.3,0.0,9.6,1.0,0.0,8.5,-39.1,否,0.000,0.000,0.000,0.0,0.0,0.0
2026-01-24 09:41:58.958,88.60,17.4,0.0,13.5,2.1,0.0,12.0,-38.2,否,0.000,0.000,0.000,0.0,0.0,0.0
2026-01-24 09:41:58.958,88.62,22.9,0.0,17.5,3.5,0.0,15.6,-36.8,否,0.000,0.000,0.000,0.0,0.0,0.0
2026-01-24 09:41:59.359,88.64,28.4,0.0,21.4,5.4,0.0,19.0,-35.2,否,0.000,0.000,0.000,0.0,0.0,0.0
2026-01-24 09:41:59.359,88.66,34.9,0.0,25.8,8.1,0.0,22.9,-32.8,否,0.000,0.000,0.000,0.0,0.0,0.0
2026-01-24 09:41:59.359,88.68,41.9,0.0,30.0,11.5,0.0,26.7,-29.8,否,0.000,0.000,0.000,0.0,0.0,0.0
2026-01-24 09:41:59.359,88.70,48.7,0.0,33.8,15.3,0.0,30.1,-26.4,否,0.000,0.000,0.000,0.0,0.0,0.0
2026-01-24 09:41:59.359,88.72,55.4,0.0,37.0,19.4,0.0,32.9,-22.7,否,0.000,0.000,0.000,0.0,0.0,0.0
2026-01-24 09:41:59.359,88.74,61.4,0.0,39.5,23.5,0.0,35.1,-19.1,否,0.000,0.000,0.000,0.0,0.0,0.0
2026-01-24 09:41:59.359,88.76,66.4,0.0,41.2,27.0,0.0,36.7,-16.0,否,0.000,0.000,0.000,0.0,0.0,0.0
2026-01-24 09:41:59.359,88.78,70.7,0.0,42.5,30.1,0.0,37.8,-13.2,否,0.000,0.000,0.000,0.0,0.0,0.0
2026-01-24 09:41:59.359,88.80,74.5,0.0,43.4,33.0,0.0,38.5,-10.7,否,0.000,0.000,0.000,0.0,0.0,0.0
2026-01-24 09:41:59.359,88.82,77.7,0.0,44.0,35.4,0.0,39.1,-8.5,否,0.000,0.000,0.000,0.0,0.0,0.0
2026-01-24 09:41:59.359,88.84,80.6,0.0,44.4,37.6,0.0,39.5,-6.5,否,0.000,0.000,0.000,0.0,0.0,0.0
2026-01-24 09:41:59.359,88.86,82.9,0.0,44.7,39.4,0.0,39.7,-4.9,否,0.000,0.000,0.000,0.0,0.0,0.0
2026-01-24 09:41:59.359,88.88,85.2,0.0,44.8,41.2,0.0,39.9,-3.3,否,0.000,0.000,0.000,0.0,0.0,0.0
2026-01-24 09:41:59.359,88.90,87.5,0.0,45.0,43.1,0.0,40.0,-1.7,否,0.000,0.000,0.000,0.0,0.0,0.0
2026-01-24 09:41:59.359,88.92,88.8,0.0,45.0,44.1,0.0,40.0,-0.8,否,0.000,0.000,0.000,0.0,0.0,0.0
2026-01-24 09:41:59.359,88.94,90.0,0.0,45.0,45.0,0.0,40.0,-0.0,否,0.000,0.000,0.000,0.0,0.0,0.0
2026-01-24 09:41:59.359,88.96,90.0,0.0,45.0,45.0,0.0,40.0,-0.0,否,0.000,0.000,0.000,0.0,0.0,0.0
2026-01-24 09:41:59.359,88.98,90.0,0.0,45.0,45.0,0.0,40.0,-0.0,否,0.000,0.000,0.000,0.0,0.0,0.0
2026-01-24 09:41:59.359,89.00,90.0,0.0,45.0,45.0,0.0,40.0,-0.0,否,0.000,0.000,0.000,0.0,0.0,0.0
2026-01-24 09:41:59.359,89.02,90.0,0.0,45.0,45.0,0.0,40.0,-0.0,否,0.000,0.000,0.000,0.0,0.0,0.0
2026-01-24 09:41:59.359,89.04,89.7,0.0,45.0,44.8,0.0,40.0,-0.2,否,0.000,0.000,0.000,0.0,0.0,0.0
2026-01-24 09:41:59.359,89.06,89.6,0.0,45.0,44.7,0.0,40.0,-0.3,否,0.000,0.000,0.000,0.0,0.0,0.0
2026-01-24 09:41:59.359,89.08,89.3,0.0,45.0,44.4,0.0,40.0,-0.5,否,0.000,0.000,0.000,0.0,0.0,0.0
2026-01-24 09:41:59.359,89.10,88.8,0.0,45.0,44.1,0.0,40.0,-0.8,否,0.000,0.000,0.000,0.0,0.0,0.0
2026-01-24 09:41:59.359,89.12,88.6,0.0,45.0,43.9,0.0,40.0,-1.0,否,0.000,0.000,0.000,0.0,0.0,0.0
2026-01-24 09:41:59.819,89.14,88.1,0.0,45.0,43.5,0.0,40.0,-1.3,否,0.000,0.000,0.000,0.0,0.0,0.0
2026-01-24 09:41:59.819,89.16,87.8,0.0,45.0,43.3,0.0,40.0,-1.5,否,0.000,0.000,0.000,0.0,0.0,0.0
2026-01-24 09:41:59.819,89.18,87.8,0.0,45.0,43.3,0.0,40.0,-1.5,否,0.000,0.000,0.000,0.0,0.0,0.0
2026-01-24 09:41:59.819,89.20,88.0,0.0,45.0,43.4,0.0,40.0,-1.4,否,0.000,0.000,0.000,0.0,0.0,0.0
2026-01-24 09:41:59.819,89.22,87.8,0.0,45.0,43.3,0.0,40.0,-1.5,否,0.000,0.000,0.000,0.0,0.0,0.0
2026-01-24 09:41:59.819,89.24,88.0,0.0,45.0,43.4,0.0,40.0,-1.4,否,0.000,0.000,0.000,0.0,0.0,0.0
2026-01-24 09:41:59.819,89.26,88.3,0.0,45.0,43.6,0.0,40.0,-1.2,否,0.000,0.000,0.000,0.0,0.0,0.0
2026-01-24 09:41:59.819,89.28,88.3,0.0,45.0,43.6,0.0,40.0,-1.2,否,0.000,0.000,0.000,0.0,0.0,0.0
2026-01-24 09:41:59.819,89.30,87.8,0.0,45.0,43.3,0.0,40.0,-1.5,否,0.000,0.000,0.000,0.0,0.0,0.0
2026-01-24 09:41:59.819,89.32,87.5,0.0,45.0,43.1,0.0,40.0,-1.7,否,0.000,0.000,0.000,0.0,0.0,0.0
2026-01-24 09:41:59.819,89.34,86.5,0.0,44.9,42.3,0.0,39.9,-2.4,否,0.000,0.000,0.000,0.0,0.0,0.0
2026-01-24 09:41:59.819,89.36,85.2,0.0,44.8,41.2,0.0,39.9,-3.3,否,0.000,0.000,0.000,0.0,0.0,0.0
2026-01-24 09:41:59.819,89.38,83.8,0.0,44.7,40.1,0.0,39.8,-4.3,否,0.000,0.000,0.000,0.0,0.0,0.0
2026-01-24 09:41:59.819,89.40,82.0,0.0,44.6,38.8,0.0,39.6,-5.6,否,0.000,0.000,0.000,0.0,0.0,0.0
2026-01-24 09:41:59.819,89.42,80.3,0.0,44.4,37.4,0.0,39.4,-6.7,否,0.000,0.000,0.000,0.0,0.0,0.0
2026-01-24 09:41:59.819,89.44,78.7,0.0,44.1,36.2,0.0,39.2,-7.8,否,0.000,0.000,0.000,0.0,0.0,0.0
2026-01-24 09:41:59.819,89.46,77.0,0.0,43.8,34.8,0.0,39.0,-9.0,否,0.000,0.000,0.000,0.0,0.0,0.0
2026-01-24 09:41:59.819,89.48,75.5,0.0,43.6,33.7,0.0,38.7,-10.0,否,0.000,0.000,0.000,0.0,0.0,0.0
2026-01-24 09:41:59.819,89.50,73.6,0.0,43.2,32.3,0.0,38.4,-11.3,否,0.000,0.000,0.000,0.0,0.0,0.0
2026-01-24 09:41:59.819,89.52,71.7,0.0,42.7,30.9,0.0,38.0,-12.6,否,0.000,0.000,0.000,0.0,0.0,0.0
2026-01-24 09:41:59.819,89.54,69.6,0.0,42.2,29.3,0.0,37.5,-13.9,否,0.000,0.000,0.000,0.0,0.0,0.0
2026-01-24 09:41:59.819,89.56,66.8,0.0,41.4,27.3,0.0,36.8,-15.8,否,0.000,0.000,0.000,0.0,0.0,0.0
2026-01-24 09:41:59.819,89.58,63.5,0.0,40.3,24.9,0.0,35.8,-17.8,否,0.000,0.000,0.000,0.0,0.0,0.0
2026-01-24 09:41:59.819,89.60,60.0,0.0,39.0,22.5,0.0,34.6,-20.0,否,0.000,0.000,0.000,0.0,0.0,0.0
2026-01-24 09:41:59.819,89.62,55.7,0.0,37.2,19.6,0.0,33.0,-22.5,否,0.000,0.000,0.000,0.0,0.0,0.0
2026-01-24 09:42:00.496,89.64,50.6,0.0,34.8,16.4,0.0,30.9,-25.4,否,0.000,0.000,0.000,0.0,0.0,0.0
2026-01-24 09:42:00.496,89.66,44.9,0.0,31.8,13.1,0.0,28.2,-28.3,否,0.000,0.000,0.000,0.0,0.0,0.0
2026-01-24 09:42:00.496,89.68,38.6,0.0,28.0,9.8,0.0,25.0,-31.3,否,0.000,0.000,0.000,0.0,0.0,0.0
2026-01-24 09:42:00.496,89.70,32.2,0.0,24.0,6.9,0.0,21.3,-33.8,否,0.000,0.000,0.000,0.0,0.0,0.0
2026-01-24 09:42:00.496,89.72,26.4,0.0,20.0,4.7,0.0,17.8,-35.8,否,0.000,0.000,0.000,0.0,0.0,0.0
2026-01-24 09:42:00.496,89.74,20.9,0.0,16.0,3.0,0.0,14.3,-37.4,否,0.000,0.000,0.000,0.0,0.0,0.0
2026-01-24 09:42:00.496,89.76,15.7,0.0,12.1,1.7,0.0,10.8,-38.5,否,0.000,0.000,0.000,0.0,0.0,0.0
2026-01-24 09:42:00.496,89.78,11.2,0.0,8.7,0.9,0.0,7.8,-39.2,否,0.000,0.000,0.000,0.0,0.0,0.0
2026-01-24 09:42:00.496,89.80,7.0,0.0,5.5,0.3,0.0,4.9,-39.7,否,0.000,0.000,0.000,0.0,0.0,0.0
2026-01-24 09:42:00.496,89.82,3.6,0.0,2.8,0.1,0.0,2.5,-39.9,否,0.000,0.000,0.000,0.0,0.0,0.0
2026-01-24 09:42:00.497,89.84,1.2,0.0,0.9,0.0,0.0,0.8,-40.0,否,0.000,0.000,0.000,0.0,0.0,0.0
2026-01-24 09:42:00.497,89.86,0.0,0.0,0.0,0.0,0.0,0.0,-40.0,否,0.000,0.000,0.000,0.0,0.0,0.0
2026-01-24 09:42:00.497,89.88,0.0,0.0,0.0,0.0,0.0,0.0,-40.0,否,0.000,0.000,0.000,0.0,0.0,0.0
2026-01-24 09:42:00.497,89.90,0.0,0.0,0.0,0.0,0.0,0.0,-40.0,否,0.000,0.000,0.000,0.0,0.0,0.0
2026-01-24 09:42:00.497,89.92,0.0,0.0,0.0,0.0,0.0,0.0,-40.0,否,0.000,0.000,0.000,0.0,0.0,0.0
2026-01-24 09:42:00.497,89.94,0.0,0.0,0.0,0.0,0.0,0.0,-40.0,否,0.000,0.000,0.000,0.0,0.0,0.0
2026-01-24 09:42:00.497,89.96,2.3,0.0,1.8,0.0,0.0,1.6,-40.0,否,0.000,0.000,0.000,0.0,0.0,0.0
2026-01-24 09:42:00.497,89.98,6.4,0.0,5.0,0.3,0.0,4.5,-39.8,否,0.000,0.000,0.000,0.0,0.0,0.0
2026-01-24 09:42:00.497,90.00,11.2,0.0,8.7,0.9,0.0,7.8,-39.2,否,0.000,0.000,0.000,0.0,0.0,0.0
2026-01-24 09:42:00.497,90.02,17.1,0.0,13.2,2.0,0.0,11.8,-38.2,否,0.000,0.000,0.000,0.0,0.0,0.0
2026-01-24 09:42:00.497,90.04,24.3,0.0,18.6,4.0,0.0,16.5,-36.5,否,0.000,0.000,0.000,0.0,0.0,0.0
2026-01-24 09:42:00.497,90.06,32.2,0.0,24.0,6.9,0.0,21.3,-33.8,否,0.000,0.000,0.000,0.0,0.0,0.0
2026-01-24 09:42:00.497,90.08,40.0,0.0,28.9,10.5,0.0,25.7,-30.6,否,0.000,0.000,0.000,0.0,0.0,0.0
2026-01-24 09:42:00.497,90.10,48.0,0.0,33.4,14.9,0.0,29.7,-26.8,否,0.000,0.000,0.000,0.0,0.0,0.0
2026-01-24 09:42:00.497,90.12,55.5,0.0,37.1,19.5,0.0,33.0,-22.7,否,0.000,0.000,0.000,0.0,0.0,0.0
2026-01-24 09:42:01.018,90.14,62.5,0.0,39.9,24.2,0.0,35.5,-18.5,否,0.000,0.000,0.000,0.0,0.0,0.0
2026-01-24 09:42:01.018,90.16,69.3,0.0,42.1,29.1,0.0,37.4,-14.1,否,0.000,0.000,0.000,0.0,0.0,0.0
2026-01-24 09:42:01.018,90.18,74.9,0.0,43.5,33.3,0.0,38.6,-10.4,否,0.000,0.000,0.000,0.0,0.0,0.0
2026-01-24 09:42:01.018,90.20,80.4,0.0,44.4,37.5,0.0,39.4,-6.7,否,0.000,0.000,0.000,0.0,0.0,0.0
2026-01-24 09:42:01.018,90.22,84.9,0.0,44.8,41.0,0.0,39.8,-3.6,否,0.000,0.000,0.000,0.0,0.0,0.0
2026-01-24 09:42:01.018,90.24,88.3,0.0,45.0,43.6,0.0,40.0,-1.2,否,0.000,0.000,0.000,0.0,0.0,0.0
2026-01-24 09:42:01.018,90.26,90.0,0.0,45.0,45.0,0.0,40.0,-0.0,否,0.000,0.000,0.000,0.0,0.0,0.0
2026-01-24 09:42:01.018,90.28,90.0,0.0,45.0,45.0,0.0,40.0,-0.0,否,0.000,0.000,0.000,0.0,0.0,0.0
2026-01-24 09:42:01.018,90.30,90.0,0.0,45.0,45.0,0.0,40.0,-0.0,否,0.000,0.000,0.000,0.0,0.0,0.0
2026-01-24 09:42:01.019,90.32,90.0,0.0,45.0,45.0,0.0,40.0,-0.0,否,0.000,0.000,0.000,0.0,0.0,0.0
2026-01-24 09:42:01.019,90.34,90.0,0.0,45.0,45.0,0.0,40.0,-0.0,否,0.000,0.000,0.000,0.0,0.0,0.0
2026-01-24 09:42:01.019,90.36,90.0,0.0,45.0,45.0,0.0,40.0,-0.0,否,0.000,0.000,0.000,0.0,0.0,0.0
2026-01-24 09:42:01.019,90.38,90.0,0.0,45.0,45.0,0.0,40.0,-0.0,否,0.000,0.000,0.000,0.0,0.0,0.0
2026-01-24 09:42:01.019,90.40,90.0,0.0,45.0,45.0,0.0,40.0,-0.0,否,0.000,0.000,0.000,0.0,0.0,0.0
2026-01-24 09:42:01.019,90.42,90.0,0.0,45.0,45.0,0.0,40.0,-0.0,否,0.000,0.000,0.000,0.0,0.0,0.0
2026-01-24 09:42:01.019,90.44,89.9,0.0,45.0,44.9,0.0,40.0,-0.1,否,0.000,0.000,0.000,0.0,0.0,0.0
2026-01-24 09:42:01.019,90.46,89.4,0.0,45.0,44.5,0.0,40.0,-0.4,否,0.000,0.000,0.000,0.0,0.0,0.0
2026-01-24 09:42:01.019,90.48,89.1,0.0,45.0,44.3,0.0,40.0,-0.6,否,0.000,0.000,0.000,0.0,0.0,0.0
2026-01-24 09:42:01.019,90.50,88.8,0.0,45.0,44.1,0.0,40.0,-0.8,否,0.000,0.000,0.000,0.0,0.0,0.0
2026-01-24 09:42:01.019,90.52,88.7,0.0,45.0,44.0,0.0,40.0,-0.9,否,0.000,0.000,0.000,0.0,0.0,0.0
2026-01-24 09:42:01.019,90.54,88.7,0.0,45.0,44.0,0.0,40.0,-0.9,否,0.000,0.000,0.000,0.0,0.0,0.0
2026-01-24 09:42:01.019,90.56,89.0,0.0,45.0,44.2,0.0,40.0,-0.7,否,0.000,0.000,0.000,0.0,0.0,0.0
2026-01-24 09:42:01.019,90.58,89.1,0.0,45.0,44.3,0.0,40.0,-0.6,否,0.000,0.000,0.000,0.0,0.0,0.0
2026-01-24 09:42:01.019,90.60,89.1,0.0,45.0,44.3,0.0,40.0,-0.6,否,0.000,0.000,0.000,0.0,0.0,0.0
2026-01-24 09:42:01.019,90.62,88.7,0.0,45.0,44.0,0.0,40.0,-0.9,否,0.000,0.000,0.000,0.0,0.0,0.0
2026-01-24 09:42:01.409,90.64,88.0,0.0,45.0,43.4,0.0,40.0,-1.4,否,0.000,0.000,0.000,0.0,0.0,0.0
2026-01-24 09:42:01.409,90.66,86.7,0.0,44.9,42.4,0.0,39.9,-2.3,否,0.000,0.000,0.000,0.0,0.0,0.0
2026-01-24 09:42:01.409,90.68,85.2,0.0,44.8,41.2,0.0,39.9,-3.3,否,0.000,0.000,0.000,0.0,0.0,0.0
2026-01-24 09:42:01.409,90.70,83.3,0.0,44.7,39.8,0.0,39.7,-4.7,否,0.000,0.000,0.000,0.0,0.0,0.0
2026-01-24 09:42:01.409,90.72,80.9,0.0,44.4,37.9,0.0,39.5,-6.3,否,0.000,0.000,0.000,0.0,0.0,0.0
2026-01-24 09:42:01.409,90.74,78.1,0.0,44.0,35.7,0.0,39.1,-8.2,否,0.000,0.000,0.000,0.0,0.0,0.0
2026-01-24 09:42:01.409,90.76,75.4,0.0,43.5,33.6,0.0,38.7,-10.1,否,0.000,0.000,0.000,0.0,0.0,0.0
2026-01-24 09:42:01.409,90.78,72.8,0.0,43.0,31.7,0.0,38.2,-11.8,否,0.000,0.000,0.000,0.0,0.0,0.0
2026-01-24 09:42:01.409,90.80,69.9,0.0,42.2,29.5,0.0,37.6,-13.7,否,0.000,0.000,0.000,0.0,0.0,0.0
2026-01-24 09:42:01.409,90.82,67.1,0.0,41.5,27.5,0.0,36.8,-15.6,否,0.000,0.000,0.000,0.0,0.0,0.0
2026-01-24 09:42:01.409,90.84,63.9,0.0,40.4,25.2,0.0,35.9,-17.6,否,0.000,0.000,0.000,0.0,0.0,0.0
2026-01-24 09:42:01.410,90.86,59.4,0.0,38.7,22.1,0.0,34.4,-20.4,否,0.000,0.000,0.000,0.0,0.0,0.0
2026-01-24 09:42:01.410,90.88,54.2,0.0,36.5,18.7,0.0,32.4,-23.4,否,0.000,0.000,0.000,0.0,0.0,0.0
2026-01-24 09:42:01.410,90.90,48.7,0.0,33.8,15.3,0.0,30.1,-26.4,否,0.000,0.000,0.000,0.0,0.0,0.0
2026-01-24 09:42:01.410,90.92,42.2,0.0,30.2,11.7,0.0,26.9,-29.6,否,0.000,0.000,0.000,0.0,0.0,0.0
2026-01-24 09:42:01.410,90.94,36.2,0.0,26.6,8.7,0.0,23.6,-32.3,否,0.000,0.000,0.000,0.0,0.0,0.0
2026-01-24 09:42:01.410,90.96,31.2,0.0,23.3,6.5,0.0,20.7,-34.2,否,0.000,0.000,0.000,0.0,0.0,0.0
2026-01-24 09:42:01.410,90.98,26.2,0.0,19.9,4.6,0.0,17.7,-35.9,否,0.000,0.000,0.000,0.0,0.0,0.0
2026-01-24 09:42:01.410,91.00,22.2,0.0,17.0,3.3,0.0,15.1,-37.0,否,0.000,0.000,0.000,0.0,0.0,0.0
2026-01-24 09:42:01.410,91.02,19.0,0.0,14.6,2.4,0.0,13.0,-37.8,否,0.000,0.000,0.000,0.0,0.0,0.0
2026-01-24 09:42:01.410,91.04,16.2,0.0,12.6,1.8,0.0,11.2,-38.4,否,0.000,0.000,0.000,0.0,0.0,0.0
2026-01-24 09:42:01.410,91.06,13.8,0.0,10.7,1.3,0.0,9.5,-38.8,否,0.000,0.000,0.000,0.0,0.0,0.0
2026-01-24 09:42:01.410,91.08,12.3,0.0,9.6,1.0,0.0,8.5,-39.1,否,0.000,0.000,0.000,0.0,0.0,0.0
2026-01-24 09:42:01.410,91.10,11.7,0.0,9.2,0.9,0.0,8.1,-39.2,否,0.000,0.000,0.000,0.0,0.0,0.0
2026-01-24 09:42:01.410,91.12,12.5,0.0,9.7,1.1,0.0,8.7,-39.1,否,0.000,0.000,0.000,0.0,0.0,0.0
2026-01-24 09:42:01.933,91.14,14.8,0.0,11.5,1.5,0.0,10.2,-38.7,否,0.000,0.000,0.000,0.0,0.0,0.0
2026-01-24 09:42:01.933,91.16,19.1,0.0,14.7,2.5,0.0,13.1,-37.8,否,0.000,0.000,0.000,0.0,0.0,0.0
2026-01-24 09:42:01.933,91.18,25.2,0.0,19.2,4.3,0.0,17.0,-36.2,否,0.000,0.000,0.000,0.0,0.0,0.0
2026-01-24 09:42:01.933,91.20,32.8,0.0,24.3,7.2,0.0,21.7,-33.6,否,0.000,0.000,0.000,0.0,0.0,0.0
2026-01-24 09:42:01.933,91.22,40.7,0.0,29.4,10.9,0.0,26.1,-30.3,否,0.000,0.000,0.000,0.0,0.0,0.0
2026-01-24 09:42:01.933,91.24,49.1,0.0,34.0,15.6,0.0,30.2,-26.2,否,0.000,0.000,0.000,0.0,0.0,0.0
2026-01-24 09:42:01.933,91.26,56.5,0.0,37.5,20.2,0.0,33.4,-22.1,否,0.000,0.000,0.000,0.0,0.0,0.0
2026-01-24 09:42:01.933,91.28,62.6,0.0,40.0,24.3,0.0,35.5,-18.4,否,0.000,0.000,0.000,0.0,0.0,0.0
2026-01-24 09:42:01.933,91.30,68.3,0.0,41.8,28.3,0.0,37.2,-14.8,否,0.000,0.000,0.000,0.0,0.0,0.0
2026-01-24 09:42:01.934,91.32,72.8,0.0,43.0,31.7,0.0,38.2,-11.8,否,0.000,0.000,0.000,0.0,0.0,0.0
2026-01-24 09:42:01.934,91.34,76.5,0.0,43.8,34.5,0.0,38.9,-9.3,否,0.000,0.000,0.000,0.0,0.0,0.0
2026-01-24 09:42:01.934,91.36,80.1,0.0,44.3,37.3,0.0,39.4,-6.9,否,0.000,0.000,0.000,0.0,0.0,0.0
2026-01-24 09:42:01.934,91.38,83.9,0.0,44.7,40.2,0.0,39.8,-4.3,否,0.000,0.000,0.000,0.0,0.0,0.0
2026-01-24 09:42:01.934,91.40,86.7,0.0,44.9,42.4,0.0,39.9,-2.3,否,0.000,0.000,0.000,0.0,0.0,0.0
2026-01-24 09:42:01.934,91.42,89.1,0.0,45.0,44.3,0.0,40.0,-0.6,否,0.000,0.000,0.000,0.0,0.0,0.0
2026-01-24 09:42:01.934,91.44,90.0,0.0,45.0,45.0,0.0,40.0,-0.0,否,0.000,0.000,0.000,0.0,0.0,0.0
2026-01-24 09:42:01.934,91.46,90.0,0.0,45.0,45.0,0.0,40.0,-0.0,否,0.000,0.000,0.000,0.0,0.0,0.0
2026-01-24 09:42:01.934,91.48,90.0,0.0,45.0,45.0,0.0,40.0,-0.0,否,0.000,0.000,0.000,0.0,0.0,0.0
2026-01-24 09:42:01.934,91.50,90.0,0.0,45.0,45.0,0.0,40.0,-0.0,否,0.000,0.000,0.000,0.0,0.0,0.0
2026-01-24 09:42:01.934,91.52,90.0,0.0,45.0,45.0,0.0,40.0,-0.0,否,0.000,0.000,0.000,0.0,0.0,0.0
2026-01-24 09:42:01.934,91.54,90.0,0.0,45.0,45.0,0.0,40.0,-0.0,否,0.000,0.000,0.000,0.0,0.0,0.0
2026-01-24 09:42:01.934,91.56,90.0,0.0,45.0,45.0,0.0,40.0,-0.0,否,0.000,0.000,0.000,0.0,0.0,0.0
2026-01-24 09:42:01.934,91.58,90.0,0.0,45.0,45.0,0.0,40.0,-0.0,否,0.000,0.000,0.000,0.0,0.0,0.0
2026-01-24 09:42:01.934,91.60,90.0,0.0,45.0,45.0,0.0,40.0,-0.0,否,0.000,0.000,0.000,0.0,0.0,0.0
2026-01-24 09:42:01.934,91.62,90.0,0.0,45.0,45.0,0.0,40.0,-0.0,否,0.000,0.000,0.000,0.0,0.0,0.0
2026-01-24 09:42:02.578,91.64,90.0,0.0,45.0,45.0,0.0,40.0,-0.0,否,0.000,0.000,0.000,0.0,0.0,0.0
2026-01-24 09:42:02.578,91.66,89.7,0.0,45.0,44.8,0.0,40.0,-0.2,否,0.000,0.000,0.000,0.0,0.0,0.0
2026-01-24 09:42:02.578,91.68,89.6,0.0,45.0,44.7,0.0,40.0,-0.3,否,0.000,0.000,0.000,0.0,0.0,0.0
2026-01-24 09:42:02.578,91.70,89.4,0.0,45.0,44.5,0.0,40.0,-0.4,否,0.000,0.000,0.000,0.0,0.0,0.0
2026-01-24 09:42:02.578,91.72,89.0,0.0,45.0,44.2,0.0,40.0,-0.7,否,0.000,0.000,0.000,0.0,0.0,0.0
2026-01-24 09:42:02.578,91.74,88.6,0.0,45.0,43.9,0.0,40.0,-1.0,否,0.000,0.000,0.000,0.0,0.0,0.0
2026-01-24 09:42:02.578,91.76,88.1,0.0,45.0,43.5,0.0,40.0,-1.3,否,0.000,0.000,0.000,0.0,0.0,0.0
2026-01-24 09:42:02.579,91.78,87.1,0.0,44.9,42.7,0.0,39.9,-2.0,否,0.000,0.000,0.000,0.0,0.0,0.0
2026-01-24 09:42:02.579,91.80,86.4,0.0,44.9,42.2,0.0,39.9,-2.5,否,0.000,0.000,0.000,0.0,0.0,0.0
2026-01-24 09:42:02.579,91.82,85.8,0.0,44.9,41.7,0.0,39.9,-2.9,否,0.000,0.000,0.000,0.0,0.0,0.0
2026-01-24 09:42:02.579,91.84,85.1,0.0,44.8,41.1,0.0,39.9,-3.4,否,0.000,0.000,0.000,0.0,0.0,0.0
2026-01-24 09:42:02.579,91.86,83.8,0.0,44.7,40.1,0.0,39.8,-4.3,否,0.000,0.000,0.000,0.0,0.0,0.0
2026-01-24 09:42:02.579,91.88,82.9,0.0,44.7,39.4,0.0,39.7,-4.9,否,0.000,0.000,0.000,0.0,0.0,0.0
2026-01-24 09:42:02.579,91.90,81.9,0.0,44.5,38.6,0.0,39.6,-5.6,否,0.000,0.000,0.000,0.0,0.0,0.0
2026-01-24 09:42:02.579,91.92,80.4,0.0,44.4,37.5,0.0,39.4,-6.7,否,0.000,0.000,0.000,0.0,0.0,0.0
2026-01-24 09:42:02.579,91.94,78.8,0.0,44.1,36.3,0.0,39.2,-7.8,否,0.000,0.000,0.000,0.0,0.0,0.0
2026-01-24 09:42:02.579,91.96,77.0,0.0,43.8,34.8,0.0,39.0,-9.0,否,0.000,0.000,0.000,0.0,0.0,0.0
2026-01-24 09:42:02.579,91.98,74.2,0.0,43.3,32.7,0.0,38.5,-10.9,否,0.000,0.000,0.000,0.0,0.0,0.0
2026-01-24 09:42:02.579,92.00,70.6,0.0,42.4,30.0,0.0,37.7,-13.3,否,0.000,0.000,0.000,0.0,0.0,0.0
2026-01-24 09:42:02.579,92.02,66.1,0.0,41.1,26.8,0.0,36.6,-16.2,否,0.000,0.000,0.000,0.0,0.0,0.0
2026-01-24 09:42:02.579,92.04,60.6,0.0,39.2,22.9,0.0,34.8,-19.6,否,0.000,0.000,0.000,0.0,0.0,0.0
2026-01-24 09:42:02.579,92.06,54.1,0.0,36.4,18.6,0.0,32.4,-23.5,否,0.000,0.000,0.000,0.0,0.0,0.0
2026-01-24 09:42:02.579,92.08,46.5,0.0,32.7,14.0,0.0,29.0,-27.5,否,0.000,0.000,0.000,0.0,0.0,0.0
2026-01-24 09:42:02.579,92.10,38.3,0.0,27.9,9.7,0.0,24.8,-31.4,否,0.000,0.000,0.000,0.0,0.0,0.0
2026-01-24 09:42:02.579,92.12,29.9,0.0,22.4,6.0,0.0,19.9,-34.7,否,0.000,0.000,0.000,0.0,0.0,0.0
2026-01-24 09:42:03.180,92.14,21.6,0.0,16.6,3.2,0.0,14.7,-37.2,否,0.000,0.000,0.000,0.0,0.0,0.0
2026-01-24 09:42:03.181,92.16,14.3,0.0,11.2,1.4,0.0,9.9,-38.8,否,0.000,0.000,0.000,0.0,0.0,0.0
2026-01-24 09:42:03.181,92.18,8.0,0.0,6.2,0.4,0.0,5.6,-39.6,否,0.000,0.000,0.000,0.0,0.0,0.0
2026-01-24 09:42:03.181,92.20,2.9,0.0,2.3,0.1,0.0,2.0,-39.9,否,0.000,0.000,0.000,0.0,0.0,0.0
2026-01-24 09:42:03.181,92.22,0.0,0.0,0.0,0.0,0.0,0.0,-40.0,否,0.000,0.000,0.000,0.0,0.0,0.0
2026-01-24 09:42:03.181,92.24,0.0,0.0,0.0,0.0,0.0,0.0,-40.0,否,0.000,0.000,0.000,0.0,0.0,0.0
2026-01-24 09:42:03.181,92.26,0.0,0.0,0.0,0.0,0.0,0.0,-40.0,否,0.000,0.000,0.000,0.0,0.0,0.0
2026-01-24 09:42:03.181,92.28,0.0,0.0,0.0,0.0,0.0,0.0,-40.0,否,0.000,0.000,0.000,0.0,0.0,0.0
2026-01-24 09:42:03.181,92.30,0.0,0.0,0.0,0.0,0.0,0.0,-40.0,否,0.000,0.000,0.000,0.0,0.0,0.0
2026-01-24 09:42:03.181,92.32,0.0,0.0,0.0,0.0,0.0,0.0,-40.0,否,0.000,0.000,0.000,0.0,0.0,0.0
2026-01-24 09:42:03.181,92.34,0.0,0.0,0.0,0.0,0.0,0.0,-40.0,否,0.000,0.000,0.000,0.0,0.0,0.0
2026-01-24 09:42:03.181,92.36,0.0,0.0,0.0,0.0,0.0,0.0,-40.0,否,0.000,0.000,0.000,0.0,0.0,0.0
2026-01-24 09:42:03.181,92.38,1.0,0.0,0.8,0.0,0.0,0.7,-40.0,否,0.000,0.000,0.000,0.0,0.0,0.0
2026-01-24 09:42:03.181,92.40,6.5,0.0,5.1,0.3,0.0,4.5,-39.7,否,0.000,0.000,0.000,0.0,0.0,0.0
2026-01-24 09:42:03.181,92.42,12.6,0.0,9.8,1.1,0.0,8.7,-39.0,否,0.000,0.000,0.000,0.0,0.0,0.0
2026-01-24 09:42:03.181,92.44,18.7,0.0,14.4,2.4,0.0,12.8,-37.9,否,0.000,0.000,0.000,0.0,0.0,0.0
2026-01-24 09:42:03.181,92.46,24.5,0.0,18.7,4.0,0.0,16.6,-36.4,否,0.000,0.000,0.000,0.0,0.0,0.0
2026-01-24 09:42:03.181,92.48,30.7,0.0,23.0,6.3,0.0,20.4,-34.4,否,0.000,0.000,0.000,0.0,0.0,0.0
2026-01-24 09:42:03.181,92.50,38.0,0.0,27.7,9.5,0.0,24.6,-31.5,否,0.000,0.000,0.000,0.0,0.0,0.0
2026-01-24 09:42:03.181,92.52,45.7,0.0,32.2,13.5,0.0,28.6,-27.9,否,0.000,0.000,0.000,0.0,0.0,0.0
2026-01-24 09:42:03.181,92.54,53.5,0.0,36.2,18.2,0.0,32.2,-23.8,否,0.000,0.000,0.000,0.0,0.0,0.0
2026-01-24 09:42:03.181,92.56,61.3,0.0,39.5,23.4,0.0,35.1,-19.2,否,0.000,0.000,0.000,0.0,0.0,0.0
2026-01-24 09:42:03.181,92.58,68.0,0.0,41.7,28.1,0.0,37.1,-15.0,否,0.000,0.000,0.000,0.0,0.0,0.0
2026-01-24 09:42:03.181,92.60,73.0,0.0,43.0,31.9,0.0,38.3,-11.7,否,0.000,0.000,0.000,0.0,0.0,0.0
2026-01-24 09:42:03.181,92.62,77.2,0.0,43.9,35.1,0.0,39.0,-8.9,否,0.000,0.000,0.000,0.0,0.0,0.0
2026-01-24 09:42:03.587,92.64,80.6,0.0,44.4,37.6,0.0,39.5,-6.5,否,0.000,0.000,0.000,0.0,0.0,0.0
2026-01-24 09:42:03.587,92.66,83.3,0.0,44.7,39.8,0.0,39.7,-4.7,否,0.000,0.000,0.000,0.0,0.0,0.0
2026-01-24 09:42:03.587,92.68,85.1,0.0,44.8,41.1,0.0,39.9,-3.4,否,0.000,0.000,0.000,0.0,0.0,0.0
2026-01-24 09:42:03.587,92.70,86.4,0.0,44.9,42.2,0.0,39.9,-2.5,否,0.000,0.000,0.000,0.0,0.0,0.0
2026-01-24 09:42:03.587,92.72,86.5,0.0,44.9,42.3,0.0,39.9,-2.4,否,0.000,0.000,0.000,0.0,0.0,0.0
2026-01-24 09:42:03.587,92.74,86.5,0.0,44.9,42.3,0.0,39.9,-2.4,否,0.000,0.000,0.000,0.0,0.0,0.0
2026-01-24 09:42:03.587,92.76,86.5,0.0,44.9,42.3,0.0,39.9,-2.4,否,0.000,0.000,0.000,0.0,0.0,0.0
2026-01-24 09:42:03.587,92.78,86.4,0.0,44.9,42.2,0.0,39.9,-2.5,否,0.000,0.000,0.000,0.0,0.0,0.0
2026-01-24 09:42:03.587,92.80,86.5,0.0,44.9,42.3,0.0,39.9,-2.4,否,0.000,0.000,0.000,0.0,0.0,0.0
2026-01-24 09:42:03.587,92.82,87.1,0.0,44.9,42.7,0.0,39.9,-2.0,否,0.000,0.000,0.000,0.0,0.0,0.0
2026-01-24 09:42:03.587,92.84,87.7,0.0,45.0,43.2,0.0,40.0,-1.6,否,0.000,0.000,0.000,0.0,0.0,0.0
2026-01-24 09:42:03.587,92.86,88.3,0.0,45.0,43.6,0.0,40.0,-1.2,否,0.000,0.000,0.000,0.0,0.0,0.0
2026-01-24 09:42:03.587,92.88,88.7,0.0,45.0,44.0,0.0,40.0,-0.9,否,0.000,0.000,0.000,0.0,0.0,0.0
2026-01-24 09:42:03.587,92.90,89.1,0.0,45.0,44.3,0.0,40.0,-0.6,否,0.000,0.000,0.000,0.0,0.0,0.0
2026-01-24 09:42:03.587,92.92,89.4,0.0,45.0,44.5,0.0,40.0,-0.4,否,0.000,0.000,0.000,0.0,0.0,0.0
2026-01-24 09:42:03.587,92.94,89.4,0.0,45.0,44.5,0.0,40.0,-0.4,否,0.000,0.000,0.000,0.0,0.0,0.0
2026-01-24 09:42:03.587,92.96,89.4,0.0,45.0,44.5,0.0,40.0,-0.4,否,0.000,0.000,0.000,0.0,0.0,0.0
2026-01-24 09:42:03.587,92.98,89.0,0.0,45.0,44.2,0.0,40.0,-0.7,否,0.000,0.000,0.000,0.0,0.0,0.0
2026-01-24 09:42:03.587,93.00,88.6,0.0,45.0,43.9,0.0,40.0,-1.0,否,0.000,0.000,0.000,0.0,0.0,0.0
2026-01-24 09:42:03.587,93.02,88.1,0.0,45.0,43.5,0.0,40.0,-1.3,否,0.000,0.000,0.000,0.0,0.0,0.0
2026-01-24 09:42:03.587,93.04,87.7,0.0,45.0,43.2,0.0,40.0,-1.6,否,0.000,0.000,0.000,0.0,0.0,0.0
2026-01-24 09:42:03.587,93.06,87.0,0.0,44.9,42.6,0.0,39.9,-2.1,否,0.000,0.000,0.000,0.0,0.0,0.0
2026-01-24 09:42:03.587,93.08,86.8,0.0,44.9,42.5,0.0,39.9,-2.2,否,0.000,0.000,0.000,0.0,0.0,0.0
2026-01-24 09:42:03.587,93.10,86.5,0.0,44.9,42.3,0.0,39.9,-2.4,否,0.000,0.000,0.000,0.0,0.0,0.0
2026-01-24 09:42:03.588,93.12,86.1,0.0,44.9,41.9,0.0,39.9,-2.7,否,0.000,0.000,0.000,0.0,0.0,0.0
2026-01-24 09:42:03.981,93.14,85.8,0.0,44.9,41.7,0.0,39.9,-2.9,否,0.000,0.000,0.000,0.0,0.0,0.0
2026-01-24 09:42:03.981,93.16,86.1,0.0,44.9,41.9,0.0,39.9,-2.7,否,0.000,0.000,0.000,0.0,0.0,0.0
2026-01-24 09:42:03.981,93.18,86.2,0.0,44.9,42.0,0.0,39.9,-2.7,否,0.000,0.000,0.000,0.0,0.0,0.0
2026-01-24 09:42:03.981,93.20,86.5,0.0,44.9,42.3,0.0,39.9,-2.4,否,0.000,0.000,0.000,0.0,0.0,0.0
2026-01-24 09:42:03.981,93.22,86.4,0.0,44.9,42.2,0.0,39.9,-2.5,否,0.000,0.000,0.000,0.0,0.0,0.0
2026-01-24 09:42:03.981,93.24,85.4,0.0,44.9,41.4,0.0,39.9,-3.2,否,0.000,0.000,0.000,0.0,0.0,0.0
2026-01-24 09:42:03.981,93.26,83.6,0.0,44.7,40.0,0.0,39.8,-4.5,否,0.000,0.000,0.000,0.0,0.0,0.0
2026-01-24 09:42:03.982,93.28,80.9,0.0,44.4,37.9,0.0,39.5,-6.3,否,0.000,0.000,0.000,0.0,0.0,0.0
2026-01-24 09:42:03.982,93.30,77.2,0.0,43.9,35.1,0.0,39.0,-8.9,否,0.000,0.000,0.000,0.0,0.0,0.0
2026-01-24 09:42:03.982,93.32,73.2,0.0,43.1,32.0,0.0,38.3,-11.6,否,0.000,0.000,0.000,0.0,0.0,0.0
2026-01-24 09:42:03.982,93.34,68.6,0.0,41.9,28.5,0.0,37.2,-14.6,否,0.000,0.000,0.000,0.0,0.0,0.0
2026-01-24 09:42:03.982,93.36,63.0,0.0,40.1,24.6,0.0,35.6,-18.2,否,0.000,0.000,0.000,0.0,0.0,0.0
2026-01-24 09:42:03.982,93.38,57.4,0.0,37.9,20.7,0.0,33.7,-21.6,否,0.000,0.000,0.000,0.0,0.0,0.0
2026-01-24 09:42:03.982,93.40,51.3,0.0,35.1,16.9,0.0,31.2,-25.0,否,0.000,0.000,0.000,0.0,0.0,0.0
2026-01-24 09:42:03.982,93.42,44.3,0.0,31.5,12.8,0.0,27.9,-28.6,否,0.000,0.000,0.000,0.0,0.0,0.0
2026-01-24 09:42:03.982,93.44,37.2,0.0,27.2,9.2,0.0,24.2,-31.9,否,0.000,0.000,0.000,0.0,0.0,0.0
2026-01-24 09:42:03.982,93.46,30.7,0.0,23.0,6.3,0.0,20.4,-34.4,否,0.000,0.000,0.000,0.0,0.0,0.0
2026-01-24 09:42:03.982,93.48,24.6,0.0,18.8,4.1,0.0,16.7,-36.4,否,0.000,0.000,0.000,0.0,0.0,0.0
2026-01-24 09:42:03.982,93.50,19.1,0.0,14.7,2.5,0.0,13.1,-37.8,否,0.000,0.000,0.000,0.0,0.0,0.0
2026-01-24 09:42:03.982,93.52,14.3,0.0,11.2,1.4,0.0,9.9,-38.8,否,0.000,0.000,0.000,0.0,0.0,0.0
2026-01-24 09:42:03.982,93.54,10.3,0.0,8.0,0.7,0.0,7.2,-39.4,否,0.000,0.000,0.000,0.0,0.0,0.0
2026-01-24 09:42:03.982,93.56,6.1,0.0,4.8,0.3,0.0,4.3,-39.8,否,0.000,0.000,0.000,0.0,0.0,0.0
2026-01-24 09:42:03.982,93.58,2.0,0.0,1.6,0.0,0.0,1.4,-40.0,否,0.000,0.000,0.000,0.0,0.0,0.0
2026-01-24 09:42:03.982,93.60,0.0,0.0,0.0,0.0,0.0,0.0,-40.0,否,0.000,0.000,0.000,0.0,0.0,0.0
2026-01-24 09:42:03.982,93.62,0.0,0.0,0.0,0.0,0.0,0.0,-40.0,否,0.000,0.000,0.000,0.0,0.0,0.0
2026-01-24 09:42:04.368,93.64,0.0,0.0,0.0,0.0,0.0,0.0,-40.0,否,0.000,0.000,0.000,0.0,0.0,0.0
2026-01-24 09:42:04.368,93.66,0.0,0.0,0.0,0.0,0.0,0.0,-40.0,否,0.000,0.000,0.000,0.0,0.0,0.0
2026-01-24 09:42:04.368,93.68,0.0,0.0,0.0,0.0,0.0,0.0,-40.0,否,0.000,0.000,0.000,0.0,0.0,0.0
2026-01-24 09:42:04.368,93.70,0.0,0.0,0.0,0.0,0.0,0.0,-40.0,否,0.000,0.000,0.000,0.0,0.0,0.0
2026-01-24 09:42:04.368,93.72,0.0,0.0,0.0,0.0,0.0,0.0,-40.0,否,0.000,0.000,0.000,0.0,0.0,0.0
2026-01-24 09:42:04.368,93.74,0.0,0.0,0.0,0.0,0.0,0.0,-40.0,否,0.000,0.000,0.000,0.0,0.0,0.0
2026-01-24 09:42:04.368,93.76,0.0,0.0,0.0,0.0,0.0,0.0,-40.0,否,0.000,0.000,0.000,0.0,0.0,0.0
2026-01-24 09:42:04.368,93.78,0.0,0.0,0.0,0.0,0.0,0.0,-40.0,否,0.000,0.000,0.000,0.0,0.0,0.0
2026-01-24 09:42:04.368,93.80,0.0,0.0,0.0,0.0,0.0,0.0,-40.0,否,0.000,0.000,0.000,0.0,0.0,0.0
2026-01-24 09:42:04.368,93.82,0.0,0.0,0.0,0.0,0.0,0.0,-40.0,否,0.000,0.000,0.000,0.0,0.0,0.0
2026-01-24 09:42:04.368,93.84,0.0,0.0,0.0,0.0,0.0,0.0,-40.0,否,0.000,0.000,0.000,0.0,0.0,0.0
2026-01-24 09:42:04.368,93.86,2.0,0.0,1.6,0.0,0.0,1.4,-40.0,否,0.000,0.000,0.000,0.0,0.0,0.0
2026-01-24 09:42:04.368,93.88,9.4,0.0,7.4,0.6,0.0,6.5,-39.5,否,0.000,0.000,0.000,0.0,0.0,0.0
2026-01-24 09:42:04.368,93.90,17.2,0.0,13.3,2.0,0.0,11.8,-38.2,否,0.000,0.000,0.000,0.0,0.0,0.0
2026-01-24 09:42:04.369,93.92,25.9,0.0,19.7,4.5,0.0,17.5,-36.0,否,0.000,0.000,0.000,0.0,0.0,0.0
2026-01-24 09:42:04.369,93.94,34.2,0.0,25.3,7.8,0.0,22.5,-33.1,否,0.000,0.000,0.000,0.0,0.0,0.0
2026-01-24 09:42:04.369,93.96,43.0,0.0,30.7,12.1,0.0,27.3,-29.3,否,0.000,0.000,0.000,0.0,0.0,0.0
2026-01-24 09:42:04.369,93.98,51.9,0.0,35.4,17.2,0.0,31.5,-24.7,否,0.000,0.000,0.000,0.0,0.0,0.0
2026-01-24 09:42:04.369,94.00,60.6,0.0,39.2,22.9,0.0,34.8,-19.6,否,0.000,0.000,0.000,0.0,0.0,0.0
2026-01-24 09:42:04.369,94.02,68.0,0.0,41.7,28.1,0.0,37.1,-15.0,否,0.000,0.000,0.000,0.0,0.0,0.0
2026-01-24 09:42:04.369,94.04,74.1,0.0,43.3,32.6,0.0,38.5,-11.0,否,0.000,0.000,0.000,0.0,0.0,0.0
2026-01-24 09:42:04.369,94.06,79.0,0.0,44.2,36.4,0.0,39.3,-7.6,否,0.000,0.000,0.000,0.0,0.0,0.0
2026-01-24 09:42:04.369,94.08,83.0,0.0,44.7,39.5,0.0,39.7,-4.9,否,0.000,0.000,0.000,0.0,0.0,0.0
2026-01-24 09:42:04.369,94.10,85.8,0.0,44.9,41.7,0.0,39.9,-2.9,否,0.000,0.000,0.000,0.0,0.0,0.0
2026-01-24 09:42:04.369,94.12,87.8,0.0,45.0,43.3,0.0,40.0,-1.5,否,0.000,0.000,0.000,0.0,0.0,0.0
2026-01-24 09:42:04.894,94.14,89.3,0.0,45.0,44.4,0.0,40.0,-0.5,否,0.000,0.000,0.000,0.0,0.0,0.0
2026-01-24 09:42:04.894,94.16,89.9,0.0,45.0,44.9,0.0,40.0,-0.1,否,0.000,0.000,0.000,0.0,0.0,0.0
2026-01-24 09:42:04.894,94.18,90.0,0.0,45.0,45.0,0.0,40.0,-0.0,否,0.000,0.000,0.000,0.0,0.0,0.0
2026-01-24 09:42:04.894,94.20,90.0,0.0,45.0,45.0,0.0,40.0,-0.0,否,0.000,0.000,0.000,0.0,0.0,0.0
2026-01-24 09:42:04.894,94.22,90.0,0.0,45.0,45.0,0.0,40.0,-0.0,否,0.000,0.000,0.000,0.0,0.0,0.0
2026-01-24 09:42:04.894,94.24,90.0,0.0,45.0,45.0,0.0,40.0,-0.0,否,0.000,0.000,0.000,0.0,0.0,0.0
2026-01-24 09:42:04.894,94.26,90.0,0.0,45.0,45.0,0.0,40.0,-0.0,否,0.000,0.000,0.000,0.0,0.0,0.0
2026-01-24 09:42:04.894,94.28,90.0,0.0,45.0,45.0,0.0,40.0,-0.0,否,0.000,0.000,0.000,0.0,0.0,0.0
2026-01-24 09:42:04.895,94.30,90.0,0.0,45.0,45.0,0.0,40.0,-0.0,否,0.000,0.000,0.000,0.0,0.0,0.0
2026-01-24 09:42:04.895,94.32,90.0,0.0,45.0,45.0,0.0,40.0,-0.0,否,0.000,0.000,0.000,0.0,0.0,0.0
2026-01-24 09:42:04.895,94.34,90.0,0.0,45.0,45.0,0.0,40.0,-0.0,否,0.000,0.000,0.000,0.0,0.0,0.0
2026-01-24 09:42:04.895,94.36,90.0,0.0,45.0,45.0,0.0,40.0,-0.0,否,0.000,0.000,0.000,0.0,0.0,0.0
2026-01-24 09:42:04.895,94.38,90.0,0.0,45.0,45.0,0.0,40.0,-0.0,否,0.000,0.000,0.000,0.0,0.0,0.0
2026-01-24 09:42:04.895,94.40,90.0,0.0,45.0,45.0,0.0,40.0,-0.0,否,0.000,0.000,0.000,0.0,0.0,0.0
2026-01-24 09:42:04.895,94.42,90.0,0.0,45.0,45.0,0.0,40.0,-0.0,否,0.000,0.000,0.000,0.0,0.0,0.0
2026-01-24 09:42:04.895,94.44,89.7,0.0,45.0,44.8,0.0,40.0,-0.2,否,0.000,0.000,0.000,0.0,0.0,0.0
2026-01-24 09:42:04.895,94.46,88.8,0.0,45.0,44.1,0.0,40.0,-0.8,否,0.000,0.000,0.000,0.0,0.0,0.0
2026-01-24 09:42:04.895,94.48,88.0,0.0,45.0,43.4,0.0,40.0,-1.4,否,0.000,0.000,0.000,0.0,0.0,0.0
2026-01-24 09:42:04.895,94.50,87.2,0.0,44.9,42.8,0.0,40.0,-2.0,否,0.000,0.000,0.000,0.0,0.0,0.0
2026-01-24 09:42:04.895,94.52,86.5,0.0,44.9,42.3,0.0,39.9,-2.4,否,0.000,0.000,0.000,0.0,0.0,0.0
2026-01-24 09:42:04.895,94.54,86.1,0.0,44.9,41.9,0.0,39.9,-2.7,否,0.000,0.000,0.000,0.0,0.0,0.0
2026-01-24 09:42:04.895,94.56,85.5,0.0,44.9,41.5,0.0,39.9,-3.1,否,0.000,0.000,0.000,0.0,0.0,0.0
2026-01-24 09:42:04.895,94.58,85.1,0.0,44.8,41.1,0.0,39.9,-3.4,否,0.000,0.000,0.000,0.0,0.0,0.0
2026-01-24 09:42:04.895,94.60,84.5,0.0,44.8,40.7,0.0,39.8,-3.8,否,0.000,0.000,0.000,0.0,0.0,0.0
2026-01-24 09:42:04.895,94.62,83.5,0.0,44.7,39.9,0.0,39.7,-4.5,否,0.000,0.000,0.000,0.0,0.0,0.0
2026-01-24 09:42:05.533,94.64,82.0,0.0,44.6,38.8,0.0,39.6,-5.6,否,0.000,0.000,0.000,0.0,0.0,0.0
2026-01-24 09:42:05.533,94.66,80.3,0.0,44.4,37.4,0.0,39.4,-6.7,否,0.000,0.000,0.000,0.0,0.0,0.0
2026-01-24 09:42:05.533,94.68,78.4,0.0,44.1,36.0,0.0,39.2,-8.0,否,0.000,0.000,0.000,0.0,0.0,0.0
2026-01-24 09:42:05.533,94.70,76.4,0.0,43.7,34.4,0.0,38.9,-9.4,否,0.000,0.000,0.000,0.0,0.0,0.0
2026-01-24 09:42:05.533,94.72,74.2,0.0,43.3,32.7,0.0,38.5,-10.9,否,0.000,0.000,0.000,0.0,0.0,0.0
2026-01-24 09:42:05.533,94.74,71.4,0.0,42.7,30.7,0.0,37.9,-12.8,否,0.000,0.000,0.000,0.0,0.0,0.0
2026-01-24 09:42:05.533,94.76,68.6,0.0,41.9,28.5,0.0,37.2,-14.6,否,0.000,0.000,0.000,0.0,0.0,0.0
2026-01-24 09:42:05.533,94.78,65.2,0.0,40.9,26.1,0.0,36.3,-16.8,否,0.000,0.000,0.000,0.0,0.0,0.0
2026-01-24 09:42:05.533,94.80,61.0,0.0,39.4,23.2,0.0,35.0,-19.4,否,0.000,0.000,0.000,0.0,0.0,0.0
2026-01-24 09:42:05.533,94.82,56.4,0.0,37.5,20.1,0.0,33.3,-22.1,否,0.000,0.000,0.000,0.0,0.0,0.0
2026-01-24 09:42:05.533,94.84,51.4,0.0,35.2,17.0,0.0,31.3,-25.0,否,0.000,0.000,0.000,0.0,0.0,0.0
2026-01-24 09:42:05.533,94.86,45.7,0.0,32.2,13.5,0.0,28.6,-27.9,否,0.000,0.000,0.000,0.0,0.0,0.0
2026-01-24 09:42:05.533,94.88,39.6,0.0,28.7,10.3,0.0,25.5,-30.8,否,0.000,0.000,0.000,0.0,0.0,0.0
2026-01-24 09:42:05.533,94.90,33.6,0.0,24.9,7.5,0.0,22.1,-33.3,否,0.000,0.000,0.000,0.0,0.0,0.0
2026-01-24 09:42:05.533,94.92,28.4,0.0,21.4,5.4,0.0,19.0,-35.2,否,0.000,0.000,0.000,0.0,0.0,0.0
2026-01-24 09:42:05.533,94.94,23.6,0.0,18.0,3.8,0.0,16.0,-36.7,否,0.000,0.000,0.000,0.0,0.0,0.0
2026-01-24 09:42:05.533,94.96,19.7,0.0,15.2,2.6,0.0,13.5,-37.7,否,0.000,0.000,0.000,0.0,0.0,0.0
2026-01-24 09:42:05.533,94.98,15.8,0.0,12.3,1.7,0.0,10.9,-38.5,否,0.000,0.000,0.000,0.0,0.0,0.0
2026-01-24 09:42:05.533,95.00,12.2,0.0,9.5,1.0,0.0,8.5,-39.1,否,0.000,0.000,0.000,0.0,0.0,0.0
2026-01-24 09:42:05.533,95.02,8.6,0.0,6.7,0.5,0.0,6.0,-39.6,否,0.000,0.000,0.000,0.0,0.0,0.0
2026-01-24 09:42:05.533,95.04,5.5,0.0,4.3,0.2,0.0,3.8,-39.8,否,0.000,0.000,0.000,0.0,0.0,0.0
2026-01-24 09:42:05.533,95.06,2.9,0.0,2.3,0.1,0.0,2.0,-39.9,否,0.000,0.000,0.000,0.0,0.0,0.0
2026-01-24 09:42:05.533,95.08,1.0,0.0,0.8,0.0,0.0,0.7,-40.0,否,0.000,0.000,0.000,0.0,0.0,0.0
2026-01-24 09:42:05.533,95.10,0.0,0.0,0.0,0.0,0.0,0.0,-40.0,否,0.000,0.000,0.000,0.0,0.0,0.0
2026-01-24 09:42:05.533,95.12,0.0,0.0,0.0,0.0,0.0,0.0,-40.0,否,0.000,0.000,0.000,0.0,0.0,0.0
2026-01-24 09:42:06.144,95.14,0.0,0.0,0.0,0.0,0.0,0.0,-40.0,否,0.000,0.000,0.000,0.0,0.0,0.0
2026-01-24 09:42:06.144,95.16,0.0,0.0,0.0,0.0,0.0,0.0,-40.0,否,0.000,0.000,0.000,0.0,0.0,0.0
2026-01-24 09:42:06.144,95.18,0.0,0.0,0.0,0.0,0.0,0.0,-40.0,否,0.000,0.000,0.000,0.0,0.0,0.0
2026-01-24 09:42:06.144,95.20,0.0,0.0,0.0,0.0,0.0,0.0,-40.0,否,0.000,0.000,0.000,0.0,0.0,0.0
2026-01-24 09:42:06.144,95.22,1.9,0.0,1.5,0.0,0.0,1.3,-40.0,否,0.000,0.000,0.000,0.0,0.0,0.0
2026-01-24 09:42:06.144,95.24,5.2,0.0,4.1,0.2,0.0,3.6,-39.8,否,0.000,0.000,0.000,0.0,0.0,0.0
2026-01-24 09:42:06.144,95.26,9.6,0.0,7.5,0.6,0.0,6.7,-39.4,否,0.000,0.000,0.000,0.0,0.0,0.0
2026-01-24 09:42:06.144,95.28,14.8,0.0,11.5,1.5,0.0,10.2,-38.7,否,0.000,0.000,0.000,0.0,0.0,0.0
2026-01-24 09:42:06.144,95.30,20.9,0.0,16.0,3.0,0.0,14.3,-37.4,否,0.000,0.000,0.000,0.0,0.0,0.0
2026-01-24 09:42:06.144,95.32,28.3,0.0,21.3,5.4,0.0,19.0,-35.2,否,0.000,0.000,0.000,0.0,0.0,0.0
2026-01-24 09:42:06.144,95.34,36.5,0.0,26.8,8.8,0.0,23.8,-32.2,否,0.000,0.000,0.000,0.0,0.0,0.0
2026-01-24 09:42:06.144,95.36,44.3,0.0,31.5,12.8,0.0,27.9,-28.6,否,0.000,0.000,0.000,0.0,0.0,0.0
2026-01-24 09:42:06.144,95.38,52.6,0.0,35.8,17.7,0.0,31.8,-24.3,否,0.000,0.000,0.000,0.0,0.0,0.0
2026-01-24 09:42:06.144,95.40,60.4,0.0,39.1,22.8,0.0,34.8,-19.8,否,0.000,0.000,0.000,0.0,0.0,0.0
2026-01-24 09:42:06.144,95.42,66.8,0.0,41.4,27.3,0.0,36.8,-15.8,否,0.000,0.000,0.000,0.0,0.0,0.0
2026-01-24 09:42:06.144,95.44,72.2,0.0,42.8,31.2,0.0,38.1,-12.2,否,0.000,0.000,0.000,0.0,0.0,0.0
2026-01-24 09:42:06.144,95.46,76.7,0.0,43.8,34.6,0.0,38.9,-9.2,否,0.000,0.000,0.000,0.0,0.0,0.0
2026-01-24 09:42:06.144,95.48,80.1,0.0,44.3,37.3,0.0,39.4,-6.9,否,0.000,0.000,0.000,0.0,0.0,0.0
2026-01-24 09:42:06.144,95.50,83.2,0.0,44.7,39.7,0.0,39.7,-4.7,否,0.000,0.000,0.000,0.0,0.0,0.0
2026-01-24 09:42:06.144,95.52,85.8,0.0,44.9,41.7,0.0,39.9,-2.9,否,0.000,0.000,0.000,0.0,0.0,0.0
2026-01-24 09:42:06.144,95.54,87.5,0.0,45.0,43.1,0.0,40.0,-1.7,否,0.000,0.000,0.000,0.0,0.0,0.0
2026-01-24 09:42:06.144,95.56,88.7,0.0,45.0,44.0,0.0,40.0,-0.9,否,0.000,0.000,0.000,0.0,0.0,0.0
2026-01-24 09:42:06.144,95.58,89.6,0.0,45.0,44.7,0.0,40.0,-0.3,否,0.000,0.000,0.000,0.0,0.0,0.0
2026-01-24 09:42:06.144,95.60,89.7,0.0,45.0,44.8,0.0,40.0,-0.2,否,0.000,0.000,0.000,0.0,0.0,0.0
2026-01-24 09:42:06.144,95.62,89.6,0.0,45.0,44.7,0.0,40.0,-0.3,否,0.000,0.000,0.000,0.0,0.0,0.0
2026-01-24 09:42:06.806,95.64,89.6,0.0,45.0,44.7,0.0,40.0,-0.3,否,0.000,0.000,0.000,0.0,0.0,0.0
2026-01-24 09:42:06.806,95.66,89.7,0.0,45.0,44.8,0.0,40.0,-0.2,否,0.000,0.000,0.000,0.0,0.0,0.0
2026-01-24 09:42:06.806,95.68,89.6,0.0,45.0,44.7,0.0,40.0,-0.3,否,0.000,0.000,0.000,0.0,0.0,0.0
2026-01-24 09:42:06.806,95.70,89.4,0.0,45.0,44.5,0.0,40.0,-0.4,否,0.000,0.000,0.000,0.0,0.0,0.0
2026-01-24 09:42:06.806,95.72,89.6,0.0,45.0,44.7,0.0,40.0,-0.3,否,0.000,0.000,0.000,0.0,0.0,0.0
2026-01-24 09:42:06.806,95.74,89.6,0.0,45.0,44.7,0.0,40.0,-0.3,否,0.000,0.000,0.000,0.0,0.0,0.0
2026-01-24 09:42:06.806,95.76,89.1,0.0,45.0,44.3,0.0,40.0,-0.6,否,0.000,0.000,0.000,0.0,0.0,0.0
2026-01-24 09:42:06.806,95.78,88.8,0.0,45.0,44.1,0.0,40.0,-0.8,否,0.000,0.000,0.000,0.0,0.0,0.0
2026-01-24 09:42:06.806,95.80,88.6,0.0,45.0,43.9,0.0,40.0,-1.0,否,0.000,0.000,0.000,0.0,0.0,0.0
2026-01-24 09:42:06.806,95.82,88.0,0.0,45.0,43.4,0.0,40.0,-1.4,否,0.000,0.000,0.000,0.0,0.0,0.0
2026-01-24 09:42:06.806,95.84,87.2,0.0,44.9,42.8,0.0,40.0,-2.0,否,0.000,0.000,0.000,0.0,0.0,0.0
2026-01-24 09:42:06.807,95.86,86.7,0.0,44.9,42.4,0.0,39.9,-2.3,否,0.000,0.000,0.000,0.0,0.0,0.0
2026-01-24 09:42:06.807,95.88,86.1,0.0,44.9,41.9,0.0,39.9,-2.7,否,0.000,0.000,0.000,0.0,0.0,0.0
2026-01-24 09:42:06.807,95.90,85.2,0.0,44.8,41.2,0.0,39.9,-3.3,否,0.000,0.000,0.000,0.0,0.0,0.0
2026-01-24 09:42:06.807,95.92,84.5,0.0,44.8,40.7,0.0,39.8,-3.8,否,0.000,0.000,0.000,0.0,0.0,0.0
2026-01-24 09:42:06.807,95.94,84.1,0.0,44.8,40.3,0.0,39.8,-4.1,否,0.000,0.000,0.000,0.0,0.0,0.0
2026-01-24 09:42:06.807,95.96,83.2,0.0,44.7,39.7,0.0,39.7,-4.7,否,0.000,0.000,0.000,0.0,0.0,0.0
2026-01-24 09:42:06.807,95.98,81.9,0.0,44.5,38.6,0.0,39.6,-5.6,否,0.000,0.000,0.000,0.0,0.0,0.0
2026-01-24 09:42:06.807,96.00,80.9,0.0,44.4,37.9,0.0,39.5,-6.3,否,0.000,0.000,0.000,0.0,0.0,0.0
2026-01-24 09:42:06.807,96.02,79.3,0.0,44.2,36.6,0.0,39.3,-7.4,否,0.000,0.000,0.000,0.0,0.0,0.0
2026-01-24 09:42:06.807,96.04,77.4,0.0,43.9,35.2,0.0,39.0,-8.7,否,0.000,0.000,0.000,0.0,0.0,0.0
2026-01-24 09:42:06.807,96.06,75.1,0.0,43.5,33.4,0.0,38.7,-10.3,否,0.000,0.000,0.000,0.0,0.0,0.0
2026-01-24 09:42:06.807,96.08,72.5,0.0,42.9,31.4,0.0,38.1,-12.0,否,0.000,0.000,0.000,0.0,0.0,0.0
2026-01-24 09:42:06.807,96.10,69.1,0.0,42.0,29.0,0.0,37.4,-14.3,否,0.000,0.000,0.000,0.0,0.0,0.0
2026-01-24 09:42:06.807,96.12,65.4,0.0,40.9,26.2,0.0,36.4,-16.7,否,0.000,0.000,0.000,0.0,0.0,0.0
2026-01-24 09:42:06.956,96.14,60.7,0.0,39.3,23.0,0.0,34.9,-19.6,否,0.000,0.000,0.000,0.0,0.0,0.0
2026-01-24 09:42:06.956,96.16,55.9,0.0,37.3,19.8,0.0,33.1,-22.4,否,0.000,0.000,0.000,0.0,0.0,0.0
2026-01-24 09:42:06.956,96.18,50.7,0.0,34.8,16.5,0.0,31.0,-25.3,否,0.000,0.000,0.000,0.0,0.0,0.0
2026-01-24 09:42:06.957,96.20,44.8,0.0,31.7,13.1,0.0,28.2,-28.4,否,0.000,0.000,0.000,0.0,0.0,0.0
2026-01-24 09:42:06.957,96.22,38.1,0.0,27.8,9.6,0.0,24.7,-31.5,否,0.000,0.000,0.000,0.0,0.0,0.0
2026-01-24 09:42:06.957,96.24,31.4,0.0,23.5,6.6,0.0,20.8,-34.1,否,0.000,0.000,0.000,0.0,0.0,0.0
2026-01-24 09:42:06.957,96.26,25.5,0.0,19.4,4.4,0.0,17.2,-36.1,否,0.000,0.000,0.000,0.0,0.0,0.0
2026-01-24 09:42:06.957,96.28,20.3,0.0,15.6,2.8,0.0,13.9,-37.5,否,0.000,0.000,0.000,0.0,0.0,0.0
2026-01-24 09:42:06.957,96.30,15.7,0.0,12.1,1.7,0.0,10.8,-38.5,否,0.000,0.000,0.000,0.0,0.0,0.0
2026-01-24 09:42:06.957,96.32,12.2,0.0,9.5,1.0,0.0,8.5,-39.1,否,0.000,0.000,0.000,0.0,0.0,0.0
2026-01-24 09:42:06.957,96.34,9.1,0.0,7.1,0.6,0.0,6.3,-39.5,否,0.000,0.000,0.000,0.0,0.0,0.0
2026-01-24 09:42:06.957,96.36,5.8,0.0,4.5,0.2,0.0,4.0,-39.8,否,0.000,0.000,0.000,0.0,0.0,0.0
2026-01-24 09:42:06.957,96.38,2.3,0.0,1.8,0.0,0.0,1.6,-40.0,否,0.000,0.000,0.000,0.0,0.0,0.0
2026-01-24 09:42:06.957,96.40,0.0,0.0,0.0,0.0,0.0,0.0,-40.0,否,0.000,0.000,0.000,0.0,0.0,0.0
2026-01-24 09:42:06.957,96.42,0.0,0.0,0.0,0.0,0.0,0.0,-40.0,否,0.000,0.000,0.000,0.0,0.0,0.0
2026-01-24 09:42:06.957,96.44,0.0,0.0,0.0,0.0,0.0,0.0,-40.0,否,0.000,0.000,0.000,0.0,0.0,0.0
2026-01-24 09:42:06.957,96.46,0.0,0.0,0.0,0.0,0.0,0.0,-40.0,否,0.000,0.000,0.000,0.0,0.0,0.0
2026-01-24 09:42:06.957,96.48,0.0,0.0,0.0,0.0,0.0,0.0,-40.0,否,0.000,0.000,0.000,0.0,0.0,0.0
2026-01-24 09:42:06.957,96.50,0.0,0.0,0.0,0.0,0.0,0.0,-40.0,否,0.000,0.000,0.000,0.0,0.0,0.0
2026-01-24 09:42:06.957,96.52,0.0,0.0,0.0,0.0,0.0,0.0,-40.0,否,0.000,0.000,0.000,0.0,0.0,0.0
2026-01-24 09:42:06.957,96.54,0.0,0.0,0.0,0.0,0.0,0.0,-40.0,否,0.000,0.000,0.000,0.0,0.0,0.0
2026-01-24 09:42:06.957,96.56,0.0,0.0,0.0,0.0,0.0,0.0,-40.0,否,0.000,0.000,0.000,0.0,0.0,0.0
2026-01-24 09:42:06.957,96.58,0.0,0.0,0.0,0.0,0.0,0.0,-40.0,否,0.000,0.000,0.000,0.0,0.0,0.0
2026-01-24 09:42:06.957,96.60,0.0,0.0,0.0,0.0,0.0,0.0,-40.0,否,0.000,0.000,0.000,0.0,0.0,0.0
2026-01-24 09:42:06.957,96.62,0.0,0.0,0.0,0.0,0.0,0.0,-40.0,否,0.000,0.000,0.000,0.0,0.0,0.0
2026-01-24 09:42:07.459,96.64,2.0,0.0,1.6,0.0,0.0,1.4,-40.0,否,0.000,0.000,0.000,0.0,0.0,0.0
2026-01-24 09:42:07.459,96.66,7.7,0.0,6.0,0.4,0.0,5.4,-39.6,否,0.000,0.000,0.000,0.0,0.0,0.0
2026-01-24 09:42:07.459,96.68,13.8,0.0,10.7,1.3,0.0,9.5,-38.8,否,0.000,0.000,0.000,0.0,0.0,0.0
2026-01-24 09:42:07.459,96.70,20.3,0.0,15.6,2.8,0.0,13.9,-37.5,否,0.000,0.000,0.000,0.0,0.0,0.0
2026-01-24 09:42:07.459,96.72,28.6,0.0,21.5,5.5,0.0,19.1,-35.1,否,0.000,0.000,0.000,0.0,0.0,0.0
2026-01-24 09:42:07.459,96.74,37.5,0.0,27.4,9.3,0.0,24.4,-31.7,否,0.000,0.000,0.000,0.0,0.0,0.0
2026-01-24 09:42:07.459,96.76,46.7,0.0,32.7,14.1,0.0,29.1,-27.4,否,0.000,0.000,0.000,0.0,0.0,0.0
2026-01-24 09:42:07.459,96.78,55.9,0.0,37.3,19.8,0.0,33.1,-22.4,否,0.000,0.000,0.000,0.0,0.0,0.0
2026-01-24 09:42:07.459,96.80,64.3,0.0,40.6,25.5,0.0,36.0,-17.3,否,0.000,0.000,0.000,0.0,0.0,0.0
2026-01-24 09:42:07.459,96.82,70.9,0.0,42.5,30.3,0.0,37.8,-13.1,否,0.000,0.000,0.000,0.0,0.0,0.0
2026-01-24 09:42:07.459,96.84,76.4,0.0,43.7,34.4,0.0,38.9,-9.4,否,0.000,0.000,0.000,0.0,0.0,0.0
2026-01-24 09:42:07.459,96.86,80.1,0.0,44.3,37.3,0.0,39.4,-6.9,否,0.000,0.000,0.000,0.0,0.0,0.0
2026-01-24 09:42:07.459,96.88,82.9,0.0,44.7,39.4,0.0,39.7,-4.9,否,0.000,0.000,0.000,0.0,0.0,0.0
2026-01-24 09:42:07.459,96.90,85.1,0.0,44.8,41.1,0.0,39.9,-3.4,否,0.000,0.000,0.000,0.0,0.0,0.0
2026-01-24 09:42:07.459,96.92,86.7,0.0,44.9,42.4,0.0,39.9,-2.3,否,0.000,0.000,0.000,0.0,0.0,0.0
2026-01-24 09:42:07.459,96.94,87.8,0.0,45.0,43.3,0.0,40.0,-1.5,否,0.000,0.000,0.000,0.0,0.0,0.0
2026-01-24 09:42:07.459,96.96,89.0,0.0,45.0,44.2,0.0,40.0,-0.7,否,0.000,0.000,0.000,0.0,0.0,0.0
2026-01-24 09:42:07.459,96.98,90.0,0.0,45.0,45.0,0.0,40.0,-0.0,否,0.000,0.000,0.000,0.0,0.0,0.0
2026-01-24 09:42:07.459,97.00,90.0,0.0,45.0,45.0,0.0,40.0,-0.0,否,0.000,0.000,0.000,0.0,0.0,0.0
2026-01-24 09:42:07.459,97.02,90.0,0.0,45.0,45.0,0.0,40.0,-0.0,否,0.000,0.000,0.000,0.0,0.0,0.0
2026-01-24 09:42:07.459,97.04,90.0,0.0,45.0,45.0,0.0,40.0,-0.0,否,0.000,0.000,0.000,0.0,0.0,0.0
2026-01-24 09:42:07.459,97.06,90.0,0.0,45.0,45.0,0.0,40.0,-0.0,否,0.000,0.000,0.000,0.0,0.0,0.0
2026-01-24 09:42:07.459,97.08,90.0,0.0,45.0,45.0,0.0,40.0,-0.0,否,0.000,0.000,0.000,0.0,0.0,0.0
2026-01-24 09:42:07.459,97.10,90.0,0.0,45.0,45.0,0.0,40.0,-0.0,否,0.000,0.000,0.000,0.0,0.0,0.0
2026-01-24 09:42:07.459,97.12,90.0,0.0,45.0,45.0,0.0,40.0,-0.0,否,0.000,0.000,0.000,0.0,0.0,0.0
2026-01-24 09:42:08.090,97.14,90.0,0.0,45.0,45.0,0.0,40.0,-0.0,否,0.000,0.000,0.000,0.0,0.0,0.0
2026-01-24 09:42:08.090,97.16,90.0,0.0,45.0,45.0,0.0,40.0,-0.0,否,0.000,0.000,0.000,0.0,0.0,0.0
2026-01-24 09:42:08.090,97.18,90.0,0.0,45.0,45.0,0.0,40.0,-0.0,否,0.000,0.000,0.000,0.0,0.0,0.0
2026-01-24 09:42:08.090,97.20,90.0,0.0,45.0,45.0,0.0,40.0,-0.0,否,0.000,0.000,0.000,0.0,0.0,0.0
2026-01-24 09:42:08.090,97.22,90.0,0.0,45.0,45.0,0.0,40.0,-0.0,否,0.000,0.000,0.000,0.0,0.0,0.0
2026-01-24 09:42:08.090,97.24,89.9,0.0,45.0,44.9,0.0,40.0,-0.1,否,0.000,0.000,0.000,0.0,0.0,0.0
2026-01-24 09:42:08.090,97.26,89.4,0.0,45.0,44.5,0.0,40.0,-0.4,否,0.000,0.000,0.000,0.0,0.0,0.0
2026-01-24 09:42:08.090,97.28,88.8,0.0,45.0,44.1,0.0,40.0,-0.8,否,0.000,0.000,0.000,0.0,0.0,0.0
2026-01-24 09:42:08.090,97.30,87.8,0.0,45.0,43.3,0.0,40.0,-1.5,否,0.000,0.000,0.000,0.0,0.0,0.0
2026-01-24 09:42:08.090,97.32,87.1,0.0,44.9,42.7,0.0,39.9,-2.0,否,0.000,0.000,0.000,0.0,0.0,0.0
2026-01-24 09:42:08.090,97.34,86.2,0.0,44.9,42.0,0.0,39.9,-2.7,否,0.000,0.000,0.000,0.0,0.0,0.0
2026-01-24 09:42:08.090,97.36,85.1,0.0,44.8,41.1,0.0,39.9,-3.4,否,0.000,0.000,0.000,0.0,0.0,0.0
2026-01-24 09:42:08.090,97.38,83.6,0.0,44.7,40.0,0.0,39.8,-4.5,否,0.000,0.000,0.000,0.0,0.0,0.0
2026-01-24 09:42:08.090,97.40,82.2,0.0,44.6,38.9,0.0,39.6,-5.4,否,0.000,0.000,0.000,0.0,0.0,0.0
2026-01-24 09:42:08.090,97.42,80.4,0.0,44.4,37.5,0.0,39.4,-6.7,否,0.000,0.000,0.000,0.0,0.0,0.0
2026-01-24 09:42:08.090,97.44,78.1,0.0,44.0,35.7,0.0,39.1,-8.2,否,0.000,0.000,0.000,0.0,0.0,0.0
2026-01-24 09:42:08.090,97.46,75.5,0.0,43.6,33.7,0.0,38.7,-10.0,否,0.000,0.000,0.000,0.0,0.0,0.0
2026-01-24 09:42:08.090,97.48,72.3,0.0,42.9,31.3,0.0,38.1,-12.2,否,0.000,0.000,0.000,0.0,0.0,0.0
2026-01-24 09:42:08.090,97.50,68.4,0.0,41.8,28.4,0.0,37.2,-14.7,否,0.000,0.000,0.000,0.0,0.0,0.0
2026-01-24 09:42:08.090,97.52,64.3,0.0,40.6,25.5,0.0,36.0,-17.3,否,0.000,0.000,0.000,0.0,0.0,0.0
2026-01-24 09:42:08.090,97.54,59.7,0.0,38.9,22.3,0.0,34.5,-20.2,否,0.000,0.000,0.000,0.0,0.0,0.0
2026-01-24 09:42:08.090,97.56,55.1,0.0,36.9,19.2,0.0,32.8,-22.9,否,0.000,0.000,0.000,0.0,0.0,0.0
2026-01-24 09:42:08.090,97.58,50.0,0.0,34.5,16.1,0.0,30.6,-25.7,否,0.000,0.000,0.000,0.0,0.0,0.0
2026-01-24 09:42:08.090,97.60,44.3,0.0,31.5,12.8,0.0,27.9,-28.6,否,0.000,0.000,0.000,0.0,0.0,0.0
2026-01-24 09:42:08.090,97.62,37.8,0.0,27.6,9.5,0.0,24.5,-31.6,否,0.000,0.000,0.000,0.0,0.0,0.0
2026-01-24 09:42:08.432,97.64,31.2,0.0,23.3,6.5,0.0,20.7,-34.2,否,0.000,0.000,0.000,0.0,0.0,0.0
2026-01-24 09:42:08.432,97.66,24.6,0.0,18.8,4.1,0.0,16.7,-36.4,否,0.000,0.000,0.000,0.0,0.0,0.0
2026-01-24 09:42:08.432,97.68,18.3,0.0,14.1,2.3,0.0,12.6,-38.0,否,0.000,0.000,0.000,0.0,0.0,0.0
2026-01-24 09:42:08.432,97.70,12.5,0.0,9.7,1.1,0.0,8.7,-39.1,否,0.000,0.000,0.000,0.0,0.0,0.0
2026-01-24 09:42:08.433,97.72,7.8,0.0,6.1,0.4,0.0,5.4,-39.6,否,0.000,0.000,0.000,0.0,0.0,0.0
2026-01-24 09:42:08.433,97.74,3.3,0.0,2.6,0.1,0.0,2.3,-39.9,否,0.000,0.000,0.000,0.0,0.0,0.0
2026-01-24 09:42:08.433,97.76,0.0,0.0,0.0,0.0,0.0,0.0,-40.0,否,0.000,0.000,0.000,0.0,0.0,0.0
2026-01-24 09:42:08.433,97.78,0.0,0.0,0.0,0.0,0.0,0.0,-40.0,否,0.000,0.000,0.000,0.0,0.0,0.0
2026-01-24 09:42:08.433,97.80,0.0,0.0,0.0,0.0,0.0,0.0,-40.0,否,0.000,0.000,0.000,0.0,0.0,0.0
2026-01-24 09:42:08.433,97.82,0.0,0.0,0.0,0.0,0.0,0.0,-40.0,否,0.000,0.000,0.000,0.0,0.0,0.0
2026-01-24 09:42:08.433,97.84,0.0,0.0,0.0,0.0,0.0,0.0,-40.0,否,0.000,0.000,0.000,0.0,0.0,0.0
2026-01-24 09:42:08.433,97.86,0.0,0.0,0.0,0.0,0.0,0.0,-40.0,否,0.000,0.000,0.000,0.0,0.0,0.0
2026-01-24 09:42:08.433,97.88,0.0,0.0,0.0,0.0,0.0,0.0,-40.0,否,0.000,0.000,0.000,0.0,0.0,0.0
2026-01-24 09:42:08.433,97.90,0.0,0.0,0.0,0.0,0.0,0.0,-40.0,否,0.000,0.000,0.000,0.0,0.0,0.0
2026-01-24 09:42:08.433,97.92,0.0,0.0,0.0,0.0,0.0,0.0,-40.0,否,0.000,0.000,0.000,0.0,0.0,0.0
2026-01-24 09:42:08.433,97.94,0.0,0.0,0.0,0.0,0.0,0.0,-40.0,否,0.000,0.000,0.000,0.0,0.0,0.0
2026-01-24 09:42:08.433,97.96,0.0,0.0,0.0,0.0,0.0,0.0,-40.0,否,0.000,0.000,0.000,0.0,0.0,0.0
2026-01-24 09:42:08.433,97.98,0.0,0.0,0.0,0.0,0.0,0.0,-40.0,否,0.000,0.000,0.000,0.0,0.0,0.0
2026-01-24 09:42:08.433,98.00,0.0,0.0,0.0,0.0,0.0,0.0,-40.0,否,0.000,0.000,0.000,0.0,0.0,0.0
2026-01-24 09:42:08.433,98.02,0.0,0.0,0.0,0.0,0.0,0.0,-40.0,否,0.000,0.000,0.000,0.0,0.0,0.0
2026-01-24 09:42:08.433,98.04,0.0,0.0,0.0,0.0,0.0,0.0,-40.0,否,0.000,0.000,0.000,0.0,0.0,0.0
2026-01-24 09:42:08.433,98.06,0.0,0.0,0.0,0.0,0.0,0.0,-40.0,否,0.000,0.000,0.000,0.0,0.0,0.0
2026-01-24 09:42:08.433,98.08,0.0,0.0,0.0,0.0,0.0,0.0,-40.0,否,0.000,0.000,0.000,0.0,0.0,0.0
2026-01-24 09:42:08.433,98.10,0.0,0.0,0.0,0.0,0.0,0.0,-40.0,否,0.000,0.000,0.000,0.0,0.0,0.0
2026-01-24 09:42:08.433,98.12,0.0,0.0,0.0,0.0,0.0,0.0,-40.0,否,0.000,0.000,0.000,0.0,0.0,0.0
2026-01-24 09:42:09.111,98.14,0.0,0.0,0.0,0.0,0.0,0.0,-40.0,否,0.000,0.000,0.000,0.0,0.0,0.0
2026-01-24 09:42:09.111,98.16,0.0,0.0,0.0,0.0,0.0,0.0,-40.0,否,0.000,0.000,0.000,0.0,0.0,0.0
2026-01-24 09:42:09.111,98.18,6.2,0.0,4.9,0.3,0.0,4.3,-39.8,否,0.000,0.000,0.000,0.0,0.0,0.0
2026-01-24 09:42:09.111,98.20,13.5,0.0,10.5,1.2,0.0,9.3,-38.9,否,0.000,0.000,0.000,0.0,0.0,0.0
2026-01-24 09:42:09.111,98.22,21.9,0.0,16.8,3.2,0.0,14.9,-37.1,否,0.000,0.000,0.000,0.0,0.0,0.0
2026-01-24 09:42:09.111,98.24,30.9,0.0,23.1,6.4,0.0,20.5,-34.3,否,0.000,0.000,0.000,0.0,0.0,0.0
2026-01-24 09:42:09.111,98.26,40.1,0.0,29.0,10.6,0.0,25.8,-30.6,否,0.000,0.000,0.000,0.0,0.0,0.0
2026-01-24 09:42:09.111,98.28,49.4,0.0,34.2,15.7,0.0,30.4,-26.0,否,0.000,0.000,0.000,0.0,0.0,0.0
2026-01-24 09:42:09.111,98.30,58.7,0.0,38.4,21.6,0.0,34.2,-20.8,否,0.000,0.000,0.000,0.0,0.0,0.0
2026-01-24 09:42:09.111,98.32,67.0,0.0,41.4,27.4,0.0,36.8,-15.6,否,0.000,0.000,0.000,0.0,0.0,0.0
2026-01-24 09:42:09.111,98.34,73.8,0.0,43.2,32.4,0.0,38.4,-11.2,否,0.000,0.000,0.000,0.0,0.0,0.0
2026-01-24 09:42:09.111,98.36,79.4,0.0,44.2,36.7,0.0,39.3,-7.4,否,0.000,0.000,0.000,0.0,0.0,0.0
2026-01-24 09:42:09.111,98.38,83.6,0.0,44.7,40.0,0.0,39.8,-4.5,否,0.000,0.000,0.000,0.0,0.0,0.0
2026-01-24 09:42:09.111,98.40,87.0,0.0,44.9,42.6,0.0,39.9,-2.1,否,0.000,0.000,0.000,0.0,0.0,0.0
2026-01-24 09:42:09.111,98.42,89.3,0.0,45.0,44.4,0.0,40.0,-0.5,否,0.000,0.000,0.000,0.0,0.0,0.0
2026-01-24 09:42:09.111,98.44,90.0,0.0,45.0,45.0,0.0,40.0,-0.0,否,0.000,0.000,0.000,0.0,0.0,0.0
2026-01-24 09:42:09.111,98.46,90.0,0.0,45.0,45.0,0.0,40.0,-0.0,否,0.000,0.000,0.000,0.0,0.0,0.0
2026-01-24 09:42:09.111,98.48,90.0,0.0,45.0,45.0,0.0,40.0,-0.0,否,0.000,0.000,0.000,0.0,0.0,0.0
2026-01-24 09:42:09.111,98.50,90.0,0.0,45.0,45.0,0.0,40.0,-0.0,否,0.000,0.000,0.000,0.0,0.0,0.0
2026-01-24 09:42:09.111,98.52,90.0,0.0,45.0,45.0,0.0,40.0,-0.0,否,0.000,0.000,0.000,0.0,0.0,0.0
2026-01-24 09:42:09.111,98.54,90.0,0.0,45.0,45.0,0.0,40.0,-0.0,否,0.000,0.000,0.000,0.0,0.0,0.0
2026-01-24 09:42:09.111,98.56,90.0,0.0,45.0,45.0,0.0,40.0,-0.0,否,0.000,0.000,0.000,0.0,0.0,0.0
2026-01-24 09:42:09.111,98.58,90.0,0.0,45.0,45.0,0.0,40.0,-0.0,否,0.000,0.000,0.000,0.0,0.0,0.0
2026-01-24 09:42:09.111,98.60,90.0,0.0,45.0,45.0,0.0,40.0,-0.0,否,0.000,0.000,0.000,0.0,0.0,0.0
2026-01-24 09:42:09.111,98.62,90.0,0.0,45.0,45.0,0.0,40.0,-0.0,否,0.000,0.000,0.000,0.0,0.0,0.0
2026-01-24 09:42:09.413,98.64,90.0,0.0,45.0,45.0,0.0,40.0,-0.0,否,0.000,0.000,0.000,0.0,0.0,0.0
2026-01-24 09:42:09.413,98.66,90.0,0.0,45.0,45.0,0.0,40.0,-0.0,否,0.000,0.000,0.000,0.0,0.0,0.0
2026-01-24 09:42:09.413,98.68,90.0,0.0,45.0,45.0,0.0,40.0,-0.0,否,0.000,0.000,0.000,0.0,0.0,0.0
2026-01-24 09:42:09.413,98.70,90.0,0.0,45.0,45.0,0.0,40.0,-0.0,否,0.000,0.000,0.000,0.0,0.0,0.0
2026-01-24 09:42:09.413,98.72,90.0,0.0,45.0,45.0,0.0,40.0,-0.0,否,0.000,0.000,0.000,0.0,0.0,0.0
2026-01-24 09:42:09.413,98.74,90.0,0.0,45.0,45.0,0.0,40.0,-0.0,否,0.000,0.000,0.000,0.0,0.0,0.0
2026-01-24 09:42:09.413,98.76,90.0,0.0,45.0,45.0,0.0,40.0,-0.0,否,0.000,0.000,0.000,0.0,0.0,0.0
2026-01-24 09:42:09.413,98.78,90.0,0.0,45.0,45.0,0.0,40.0,-0.0,否,0.000,0.000,0.000,0.0,0.0,0.0
2026-01-24 09:42:09.413,98.80,90.0,0.0,45.0,45.0,0.0,40.0,-0.0,否,0.000,0.000,0.000,0.0,0.0,0.0
2026-01-24 09:42:09.413,98.82,89.4,0.0,45.0,44.5,0.0,40.0,-0.4,否,0.000,0.000,0.000,0.0,0.0,0.0
2026-01-24 09:42:09.413,98.84,88.4,0.0,45.0,43.7,0.0,40.0,-1.1,否,0.000,0.000,0.000,0.0,0.0,0.0
2026-01-24 09:42:09.413,98.86,87.5,0.0,45.0,43.1,0.0,40.0,-1.7,否,0.000,0.000,0.000,0.0,0.0,0.0
2026-01-24 09:42:09.413,98.88,86.5,0.0,44.9,42.3,0.0,39.9,-2.4,否,0.000,0.000,0.000,0.0,0.0,0.0
2026-01-24 09:42:09.413,98.90,85.5,0.0,44.9,41.5,0.0,39.9,-3.1,否,0.000,0.000,0.000,0.0,0.0,0.0
2026-01-24 09:42:09.413,98.92,84.1,0.0,44.8,40.3,0.0,39.8,-4.1,否,0.000,0.000,0.000,0.0,0.0,0.0
2026-01-24 09:42:09.413,98.94,81.9,0.0,44.5,38.6,0.0,39.6,-5.6,否,0.000,0.000,0.000,0.0,0.0,0.0
2026-01-24 09:42:09.413,98.96,79.1,0.0,44.2,36.5,0.0,39.3,-7.6,否,0.000,0.000,0.000,0.0,0.0,0.0
2026-01-24 09:42:09.413,98.98,75.5,0.0,43.6,33.7,0.0,38.7,-10.0,否,0.000,0.000,0.000,0.0,0.0,0.0
2026-01-24 09:42:09.413,99.00,71.4,0.0,42.7,30.7,0.0,37.9,-12.8,否,0.000,0.000,0.000,0.0,0.0,0.0
2026-01-24 09:42:09.413,99.02,66.7,0.0,41.3,27.2,0.0,36.7,-15.8,否,0.000,0.000,0.000,0.0,0.0,0.0
2026-01-24 09:42:09.413,99.04,61.2,0.0,39.4,23.3,0.0,35.1,-19.3,否,0.000,0.000,0.000,0.0,0.0,0.0
2026-01-24 09:42:09.413,99.06,55.5,0.0,37.1,19.5,0.0,33.0,-22.7,否,0.000,0.000,0.000,0.0,0.0,0.0
2026-01-24 09:42:09.413,99.08,49.0,0.0,34.0,15.5,0.0,30.2,-26.2,否,0.000,0.000,0.000,0.0,0.0,0.0
2026-01-24 09:42:09.413,99.10,41.9,0.0,30.0,11.5,0.0,26.7,-29.8,否,0.000,0.000,0.000,0.0,0.0,0.0
2026-01-24 09:42:09.413,99.12,34.2,0.0,25.3,7.8,0.0,22.5,-33.1,否,0.000,0.000,0.000,0.0,0.0,0.0
2026-01-24 09:42:09.927,99.14,27.1,0.0,20.5,4.9,0.0,18.2,-35.6,否,0.000,0.000,0.000,0.0,0.0,0.0
2026-01-24 09:42:09.927,99.16,20.4,0.0,15.7,2.8,0.0,13.9,-37.5,否,0.000,0.000,0.000,0.0,0.0,0.0
2026-01-24 09:42:09.927,99.18,14.2,0.0,11.0,1.4,0.0,9.8,-38.8,否,0.000,0.000,0.000,0.0,0.0,0.0
2026-01-24 09:42:09.927,99.20,8.4,0.0,6.6,0.5,0.0,5.8,-39.6,否,0.000,0.000,0.000,0.0,0.0,0.0
2026-01-24 09:42:09.927,99.22,3.6,0.0,2.8,0.1,0.0,2.5,-39.9,否,0.000,0.000,0.000,0.0,0.0,0.0
2026-01-24 09:42:09.928,99.24,0.0,0.0,0.0,0.0,0.0,0.0,-40.0,否,0.000,0.000,0.000,0.0,0.0,0.0
2026-01-24 09:42:09.928,99.26,0.0,0.0,0.0,0.0,0.0,0.0,-40.0,否,0.000,0.000,0.000,0.0,0.0,0.0
2026-01-24 09:42:09.928,99.28,0.0,0.0,0.0,0.0,0.0,0.0,-40.0,否,0.000,0.000,0.000,0.0,0.0,0.0
2026-01-24 09:42:09.928,99.30,0.0,0.0,0.0,0.0,0.0,0.0,-40.0,否,0.000,0.000,0.000,0.0,0.0,0.0
2026-01-24 09:42:09.928,99.32,0.0,0.0,0.0,0.0,0.0,0.0,-40.0,否,0.000,0.000,0.000,0.0,0.0,0.0
2026-01-24 09:42:09.928,99.34,0.0,0.0,0.0,0.0,0.0,0.0,-40.0,否,0.000,0.000,0.000,0.0,0.0,0.0
2026-01-24 09:42:09.928,99.36,0.0,0.0,0.0,0.0,0.0,0.0,-40.0,否,0.000,0.000,0.000,0.0,0.0,0.0
2026-01-24 09:42:09.928,99.38,0.0,0.0,0.0,0.0,0.0,0.0,-40.0,否,0.000,0.000,0.000,0.0,0.0,0.0
2026-01-24 09:42:09.928,99.40,0.0,0.0,0.0,0.0,0.0,0.0,-40.0,否,0.000,0.000,0.000,0.0,0.0,0.0
2026-01-24 09:42:09.928,99.42,0.0,0.0,0.0,0.0,0.0,0.0,-40.0,否,0.000,0.000,0.000,0.0,0.0,0.0
2026-01-24 09:42:09.928,99.44,0.0,0.0,0.0,0.0,0.0,0.0,-40.0,否,0.000,0.000,0.000,0.0,0.0,0.0
2026-01-24 09:42:09.928,99.46,0.0,0.0,0.0,0.0,0.0,0.0,-40.0,否,0.000,0.000,0.000,0.0,0.0,0.0
2026-01-24 09:42:09.928,99.48,0.0,0.0,0.0,0.0,0.0,0.0,-40.0,否,0.000,0.000,0.000,0.0,0.0,0.0
2026-01-24 09:42:09.928,99.50,0.0,0.0,0.0,0.0,0.0,0.0,-40.0,否,0.000,0.000,0.000,0.0,0.0,0.0
2026-01-24 09:42:09.928,99.52,0.0,0.0,0.0,0.0,0.0,0.0,-40.0,否,0.000,0.000,0.000,0.0,0.0,0.0
2026-01-24 09:42:09.928,99.54,0.0,0.0,0.0,0.0,0.0,0.0,-40.0,否,0.000,0.000,0.000,0.0,0.0,0.0
2026-01-24 09:42:09.928,99.56,0.0,0.0,0.0,0.0,0.0,0.0,-40.0,否,0.000,0.000,0.000,0.0,0.0,0.0
2026-01-24 09:42:09.928,99.58,0.0,0.0,0.0,0.0,0.0,0.0,-40.0,否,0.000,0.000,0.000,0.0,0.0,0.0
2026-01-24 09:42:09.928,99.60,0.0,0.0,0.0,0.0,0.0,0.0,-40.0,否,0.000,0.000,0.000,0.0,0.0,0.0
2026-01-24 09:42:09.928,99.62,0.0,0.0,0.0,0.0,0.0,0.0,-40.0,否,0.000,0.000,0.000,0.0,0.0,0.0
2026-01-24 09:42:10.419,99.64,0.0,0.0,0.0,0.0,0.0,0.0,-40.0,否,0.000,0.000,0.000,0.0,0.0,0.0
2026-01-24 09:42:10.419,99.66,0.0,0.0,0.0,0.0,0.0,0.0,-40.0,否,0.000,0.000,0.000,0.0,0.0,0.0
2026-01-24 09:42:10.419,99.68,0.0,0.0,0.0,0.0,0.0,0.0,-40.0,否,0.000,0.000,0.000,0.0,0.0,0.0
2026-01-24 09:42:10.419,99.70,0.0,0.0,0.0,0.0,0.0,0.0,-40.0,否,0.000,0.000,0.000,0.0,0.0,0.0
2026-01-24 09:42:10.419,99.72,0.0,0.0,0.0,0.0,0.0,0.0,-40.0,否,0.000,0.000,0.000,0.0,0.0,0.0
2026-01-24 09:42:10.419,99.74,0.0,0.0,0.0,0.0,0.0,0.0,-40.0,否,0.000,0.000,0.000,0.0,0.0,0.0
2026-01-24 09:42:10.419,99.76,0.0,0.0,0.0,0.0,0.0,0.0,-40.0,否,0.000,0.000,0.000,0.0,0.0,0.0
2026-01-24 09:42:10.419,99.78,0.0,0.0,0.0,0.0,0.0,0.0,-40.0,否,0.000,0.000,0.000,0.0,0.0,0.0
2026-01-24 09:42:10.419,99.80,3.6,0.0,2.8,0.1,0.0,2.5,-39.9,否,0.000,0.000,0.000,0.0,0.0,0.0
2026-01-24 09:42:10.419,99.82,10.7,0.0,8.4,0.8,0.0,7.4,-39.3,否,0.000,0.000,0.000,0.0,0.0,0.0
2026-01-24 09:42:10.419,99.84,17.5,0.0,13.6,2.1,0.0,12.0,-38.1,否,0.000,0.000,0.000,0.0,0.0,0.0
2026-01-24 09:42:10.419,99.86,24.9,0.0,19.0,4.2,0.0,16.8,-36.3,否,0.000,0.000,0.000,0.0,0.0,0.0
2026-01-24 09:42:10.419,99.88,32.8,0.0,24.3,7.2,0.0,21.7,-33.6,否,0.000,0.000,0.000,0.0,0.0,0.0
2026-01-24 09:42:10.419,99.90,41.6,0.0,29.9,11.3,0.0,26.6,-29.9,否,0.000,0.000,0.000,0.0,0.0,0.0
2026-01-24 09:42:10.419,99.92,51.3,0.0,35.1,16.9,0.0,31.2,-25.0,否,0.000,0.000,0.000,0.0,0.0,0.0
2026-01-24 09:42:10.419,99.94,61.2,0.0,39.4,23.3,0.0,35.1,-19.3,否,0.000,0.000,0.000,0.0,0.0,0.0
2026-01-24 09:42:10.419,99.96,69.4,0.0,42.1,29.2,0.0,37.4,-14.1,否,0.000,0.000,0.000,0.0,0.0,0.0
2026-01-24 09:42:10.420,99.98,76.1,0.0,43.7,34.2,0.0,38.8,-9.6,否,0.000,0.000,0.000,0.0,0.0,0.0
2026-01-24 09:42:10.420,100.00,81.4,0.0,44.5,38.3,0.0,39.6,-6.0,否,0.000,0.000,0.000,0.0,0.0,0.0
2026-01-24 09:42:10.420,100.02,85.2,0.0,44.8,41.2,0.0,39.9,-3.3,否,0.000,0.000,0.000,0.0,0.0,0.0
2026-01-24 09:42:10.420,100.04,88.0,0.0,45.0,43.4,0.0,40.0,-1.4,否,0.000,0.000,0.000,0.0,0.0,0.0
2026-01-24 09:42:10.420,100.06,90.0,0.0,45.0,45.0,0.0,40.0,-0.0,否,0.000,0.000,0.000,0.0,0.0,0.0
2026-01-24 09:42:10.420,100.08,90.0,0.0,45.0,45.0,0.0,40.0,-0.0,否,0.000,0.000,0.000,0.0,0.0,0.0
2026-01-24 09:42:10.420,100.10,90.0,0.0,45.0,45.0,0.0,40.0,-0.0,否,0.000,0.000,0.000,0.0,0.0,0.0
2026-01-24 09:42:10.420,100.12,90.0,0.0,45.0,45.0,0.0,40.0,-0.0,否,0.000,0.000,0.000,0.0,0.0,0.0
2026-01-24 09:42:11.064,100.14,90.0,0.0,45.0,45.0,0.0,40.0,-0.0,否,0.000,0.000,0.000,0.0,0.0,0.0
2026-01-24 09:42:11.065,100.16,90.0,0.0,45.0,45.0,0.0,40.0,-0.0,否,0.000,0.000,0.000,0.0,0.0,0.0
2026-01-24 09:42:11.065,100.18,90.0,0.0,45.0,45.0,0.0,40.0,-0.0,否,0.000,0.000,0.000,0.0,0.0,0.0
2026-01-24 09:42:11.065,100.20,90.0,0.0,45.0,45.0,0.0,40.0,-0.0,否,0.000,0.000,0.000,0.0,0.0,0.0
2026-01-24 09:42:11.065,100.22,90.0,0.0,45.0,45.0,0.0,40.0,-0.0,否,0.000,0.000,0.000,0.0,0.0,0.0
2026-01-24 09:42:11.065,100.24,90.0,0.0,45.0,45.0,0.0,40.0,-0.0,否,0.000,0.000,0.000,0.0,0.0,0.0
2026-01-24 09:42:11.065,100.26,90.0,0.0,45.0,45.0,0.0,40.0,-0.0,否,0.000,0.000,0.000,0.0,0.0,0.0
2026-01-24 09:42:11.065,100.28,90.0,0.0,45.0,45.0,0.0,40.0,-0.0,否,0.000,0.000,0.000,0.0,0.0,0.0
2026-01-24 09:42:11.065,100.30,90.0,0.0,45.0,45.0,0.0,40.0,-0.0,否,0.000,0.000,0.000,0.0,0.0,0.0
2026-01-24 09:42:11.065,100.32,90.0,0.0,45.0,45.0,0.0,40.0,-0.0,否,0.000,0.000,0.000,0.0,0.0,0.0
2026-01-24 09:42:11.065,100.34,90.0,0.0,45.0,45.0,0.0,40.0,-0.0,否,0.000,0.000,0.000,0.0,0.0,0.0
2026-01-24 09:42:11.065,100.36,90.0,0.0,45.0,45.0,0.0,40.0,-0.0,否,0.000,0.000,0.000,0.0,0.0,0.0
2026-01-24 09:42:11.065,100.38,90.0,0.0,45.0,45.0,0.0,40.0,-0.0,否,0.000,0.000,0.000,0.0,0.0,0.0
2026-01-24 09:42:11.065,100.40,90.0,0.0,45.0,45.0,0.0,40.0,-0.0,否,0.000,0.000,0.000,0.0,0.0,0.0
2026-01-24 09:42:11.065,100.42,90.0,0.0,45.0,45.0,0.0,40.0,-0.0,否,0.000,0.000,0.000,0.0,0.0,0.0
2026-01-24 09:42:11.065,100.44,90.0,0.0,45.0,45.0,0.0,40.0,-0.0,否,0.000,0.000,0.000,0.0,0.0,0.0
2026-01-24 09:42:11.065,100.46,90.0,0.0,45.0,45.0,0.0,40.0,-0.0,否,0.000,0.000,0.000,0.0,0.0,0.0
2026-01-24 09:42:11.065,100.48,90.0,0.0,45.0,45.0,0.0,40.0,-0.0,否,0.000,0.000,0.000,0.0,0.0,0.0
2026-01-24 09:42:11.065,100.50,89.1,0.0,45.0,44.3,0.0,40.0,-0.6,否,0.000,0.000,0.000,0.0,0.0,0.0
2026-01-24 09:42:11.065,100.52,87.8,0.0,45.0,43.3,0.0,40.0,-1.5,否,0.000,0.000,0.000,0.0,0.0,0.0
2026-01-24 09:42:11.065,100.54,86.8,0.0,44.9,42.5,0.0,39.9,-2.2,否,0.000,0.000,0.000,0.0,0.0,0.0
2026-01-24 09:42:11.065,100.56,85.4,0.0,44.9,41.4,0.0,39.9,-3.2,否,0.000,0.000,0.000,0.0,0.0,0.0
2026-01-24 09:42:11.065,100.58,83.9,0.0,44.7,40.2,0.0,39.8,-4.3,否,0.000,0.000,0.000,0.0,0.0,0.0
2026-01-24 09:42:11.065,100.60,81.7,0.0,44.5,38.5,0.0,39.6,-5.8,否,0.000,0.000,0.000,0.0,0.0,0.0
2026-01-24 09:42:11.065,100.62,79.3,0.0,44.2,36.6,0.0,39.3,-7.4,否,0.000,0.000,0.000,0.0,0.0,0.0
2026-01-24 09:42:11.447,100.64,76.2,0.0,43.7,34.3,0.0,38.8,-9.5,否,0.000,0.000,0.000,0.0,0.0,0.0
2026-01-24 09:42:11.447,100.66,72.6,0.0,42.9,31.5,0.0,38.2,-12.0,否,0.000,0.000,0.000,0.0,0.0,0.0
2026-01-24 09:42:11.447,100.68,68.4,0.0,41.8,28.4,0.0,37.2,-14.7,否,0.000,0.000,0.000,0.0,0.0,0.0
2026-01-24 09:42:11.447,100.70,64.1,0.0,40.5,25.3,0.0,36.0,-17.5,否,0.000,0.000,0.000,0.0,0.0,0.0
2026-01-24 09:42:11.447,100.72,59.4,0.0,38.7,22.1,0.0,34.4,-20.4,否,0.000,0.000,0.000,0.0,0.0,0.0
2026-01-24 09:42:11.447,100.74,54.6,0.0,36.7,19.0,0.0,32.6,-23.2,否,0.000,0.000,0.000,0.0,0.0,0.0
2026-01-24 09:42:11.447,100.76,49.7,0.0,34.3,15.9,0.0,30.5,-25.9,否,0.000,0.000,0.000,0.0,0.0,0.0
2026-01-24 09:42:11.447,100.78,44.6,0.0,31.6,13.0,0.0,28.1,-28.5,否,0.000,0.000,0.000,0.0,0.0,0.0
2026-01-24 09:42:11.447,100.80,39.0,0.0,28.3,10.0,0.0,25.2,-31.1,否,0.000,0.000,0.000,0.0,0.0,0.0
2026-01-24 09:42:11.447,100.82,32.9,0.0,24.4,7.2,0.0,21.7,-33.6,否,0.000,0.000,0.000,0.0,0.0,0.0
2026-01-24 09:42:11.447,100.84,27.4,0.0,20.7,5.0,0.0,18.4,-35.5,否,0.000,0.000,0.000,0.0,0.0,0.0
2026-01-24 09:42:11.447,100.86,22.3,0.0,17.1,3.4,0.0,15.2,-37.0,否,0.000,0.000,0.000,0.0,0.0,0.0
2026-01-24 09:42:11.447,100.88,17.2,0.0,13.3,2.0,0.0,11.8,-38.2,否,0.000,0.000,0.000,0.0,0.0,0.0
2026-01-24 09:42:11.447,100.90,12.3,0.0,9.6,1.0,0.0,8.5,-39.1,否,0.000,0.000,0.000,0.0,0.0,0.0
2026-01-24 09:42:11.447,100.92,8.6,0.0,6.7,0.5,0.0,6.0,-39.6,否,0.000,0.000,0.000,0.0,0.0,0.0
2026-01-24 09:42:11.447,100.94,4.6,0.0,3.6,0.1,0.0,3.2,-39.9,否,0.000,0.000,0.000,0.0,0.0,0.0
2026-01-24 09:42:11.448,100.96,1.0,0.0,0.8,0.0,0.0,0.7,-40.0,否,0.000,0.000,0.000,0.0,0.0,0.0
2026-01-24 09:42:11.448,100.98,0.0,0.0,0.0,0.0,0.0,0.0,-40.0,否,0.000,0.000,0.000,0.0,0.0,0.0
2026-01-24 09:42:11.448,101.00,0.0,0.0,0.0,0.0,0.0,0.0,-40.0,否,0.000,0.000,0.000,0.0,0.0,0.0
2026-01-24 09:42:11.448,101.02,0.0,0.0,0.0,0.0,0.0,0.0,-40.0,否,0.000,0.000,0.000,0.0,0.0,0.0
2026-01-24 09:42:11.448,101.04,0.0,0.0,0.0,0.0,0.0,0.0,-40.0,否,0.000,0.000,0.000,0.0,0.0,0.0
2026-01-24 09:42:11.448,101.06,0.0,0.0,0.0,0.0,0.0,0.0,-40.0,否,0.000,0.000,0.000,0.0,0.0,0.0
2026-01-24 09:42:11.448,101.08,0.0,0.0,0.0,0.0,0.0,0.0,-40.0,否,0.000,0.000,0.000,0.0,0.0,0.0
2026-01-24 09:42:11.448,101.10,0.0,0.0,0.0,0.0,0.0,0.0,-40.0,否,0.000,0.000,0.000,0.0,0.0,0.0
2026-01-24 09:42:11.448,101.12,0.0,0.0,0.0,0.0,0.0,0.0,-40.0,否,0.000,0.000,0.000,0.0,0.0,0.0
2026-01-24 09:42:12.168,101.14,0.0,0.0,0.0,0.0,0.0,0.0,-40.0,否,0.000,0.000,0.000,0.0,0.0,0.0
2026-01-24 09:42:12.168,101.16,0.0,0.0,0.0,0.0,0.0,0.0,-40.0,否,0.000,0.000,0.000,0.0,0.0,0.0
2026-01-24 09:42:12.168,101.18,0.0,0.0,0.0,0.0,0.0,0.0,-40.0,否,0.000,0.000,0.000,0.0,0.0,0.0
2026-01-24 09:42:12.168,101.20,0.0,0.0,0.0,0.0,0.0,0.0,-40.0,否,0.000,0.000,0.000,0.0,0.0,0.0
2026-01-24 09:42:12.168,101.22,0.0,0.0,0.0,0.0,0.0,0.0,-40.0,否,0.000,0.000,0.000,0.0,0.0,0.0
2026-01-24 09:42:12.168,101.24,0.0,0.0,0.0,0.0,0.0,0.0,-40.0,否,0.000,0.000,0.000,0.0,0.0,0.0
2026-01-24 09:42:12.168,101.26,0.0,0.0,0.0,0.0,0.0,0.0,-40.0,否,0.000,0.000,0.000,0.0,0.0,0.0
2026-01-24 09:42:12.168,101.28,0.0,0.0,0.0,0.0,0.0,0.0,-40.0,否,0.000,0.000,0.000,0.0,0.0,0.0
2026-01-24 09:42:12.168,101.30,0.0,0.0,0.0,0.0,0.0,0.0,-40.0,否,0.000,0.000,0.000,0.0,0.0,0.0
2026-01-24 09:42:12.168,101.32,0.0,0.0,0.0,0.0,0.0,0.0,-40.0,否,0.000,0.000,0.000,0.0,0.0,0.0
2026-01-24 09:42:12.168,101.34,0.0,0.0,0.0,0.0,0.0,0.0,-40.0,否,0.000,0.000,0.000,0.0,0.0,0.0
2026-01-24 09:42:12.168,101.36,2.0,0.0,1.6,0.0,0.0,1.4,-40.0,否,0.000,0.000,0.000,0.0,0.0,0.0
2026-01-24 09:42:12.168,101.38,10.4,0.0,8.2,0.7,0.0,7.2,-39.3,否,0.000,0.000,0.000,0.0,0.0,0.0
2026-01-24 09:42:12.168,101.40,19.4,0.0,15.0,2.6,0.0,13.3,-37.7,否,0.000,0.000,0.000,0.0,0.0,0.0
2026-01-24 09:42:12.168,101.42,29.3,0.0,22.0,5.7,0.0,19.6,-34.9,否,0.000,0.000,0.000,0.0,0.0,0.0
2026-01-24 09:42:12.168,101.44,39.4,0.0,28.6,10.2,0.0,25.4,-30.9,否,0.000,0.000,0.000,0.0,0.0,0.0
2026-01-24 09:42:12.168,101.46,49.1,0.0,34.0,15.6,0.0,30.2,-26.2,否,0.000,0.000,0.000,0.0,0.0,0.0
2026-01-24 09:42:12.168,101.48,58.8,0.0,38.5,21.7,0.0,34.2,-20.7,否,0.000,0.000,0.000,0.0,0.0,0.0
2026-01-24 09:42:12.168,101.50,68.3,0.0,41.8,28.3,0.0,37.2,-14.8,否,0.000,0.000,0.000,0.0,0.0,0.0
2026-01-24 09:42:12.168,101.52,75.9,0.0,43.7,34.1,0.0,38.8,-9.7,否,0.000,0.000,0.000,0.0,0.0,0.0
2026-01-24 09:42:12.168,101.54,81.2,0.0,44.5,38.1,0.0,39.5,-6.1,否,0.000,0.000,0.000,0.0,0.0,0.0
2026-01-24 09:42:12.168,101.56,85.1,0.0,44.8,41.1,0.0,39.9,-3.4,否,0.000,0.000,0.000,0.0,0.0,0.0
2026-01-24 09:42:12.168,101.58,87.8,0.0,45.0,43.3,0.0,40.0,-1.5,否,0.000,0.000,0.000,0.0,0.0,0.0
2026-01-24 09:42:12.168,101.60,90.0,0.0,45.0,45.0,0.0,40.0,-0.0,否,0.000,0.000,0.000,0.0,0.0,0.0
2026-01-24 09:42:12.168,101.62,90.0,0.0,45.0,45.0,0.0,40.0,-0.0,否,0.000,0.000,0.000,0.0,0.0,0.0
2026-01-24 09:42:12.698,101.64,90.0,0.0,45.0,45.0,0.0,40.0,-0.0,否,0.000,0.000,0.000,0.0,0.0,0.0
2026-01-24 09:42:12.698,101.66,90.0,0.0,45.0,45.0,0.0,40.0,-0.0,否,0.000,0.000,0.000,0.0,0.0,0.0
2026-01-24 09:42:12.698,101.68,90.0,0.0,45.0,45.0,0.0,40.0,-0.0,否,0.000,0.000,0.000,0.0,0.0,0.0
2026-01-24 09:42:12.698,101.70,90.0,0.0,45.0,45.0,0.0,40.0,-0.0,否,0.000,0.000,0.000,0.0,0.0,0.0
2026-01-24 09:42:12.698,101.72,90.0,0.0,45.0,45.0,0.0,40.0,-0.0,否,0.000,0.000,0.000,0.0,0.0,0.0
2026-01-24 09:42:12.698,101.74,90.0,0.0,45.0,45.0,0.0,40.0,-0.0,否,0.000,0.000,0.000,0.0,0.0,0.0
2026-01-24 09:42:12.698,101.76,90.0,0.0,45.0,45.0,0.0,40.0,-0.0,否,0.000,0.000,0.000,0.0,0.0,0.0
2026-01-24 09:42:12.698,101.78,90.0,0.0,45.0,45.0,0.0,40.0,-0.0,否,0.000,0.000,0.000,0.0,0.0,0.0
2026-01-24 09:42:12.698,101.80,90.0,0.0,45.0,45.0,0.0,40.0,-0.0,否,0.000,0.000,0.000,0.0,0.0,0.0
2026-01-24 09:42:12.698,101.82,90.0,0.0,45.0,45.0,0.0,40.0,-0.0,否,0.000,0.000,0.000,0.0,0.0,0.0
2026-01-24 09:42:12.698,101.84,90.0,0.0,45.0,45.0,0.0,40.0,-0.0,否,0.000,0.000,0.000,0.0,0.0,0.0
2026-01-24 09:42:12.698,101.86,90.0,0.0,45.0,45.0,0.0,40.0,-0.0,否,0.000,0.000,0.000,0.0,0.0,0.0
2026-01-24 09:42:12.698,101.88,90.0,0.0,45.0,45.0,0.0,40.0,-0.0,否,0.000,0.000,0.000,0.0,0.0,0.0
2026-01-24 09:42:12.698,101.90,90.0,0.0,45.0,45.0,0.0,40.0,-0.0,否,0.000,0.000,0.000,0.0,0.0,0.0
2026-01-24 09:42:12.698,101.92,90.0,0.0,45.0,45.0,0.0,40.0,-0.0,否,0.000,0.000,0.000,0.0,0.0,0.0
2026-01-24 09:42:12.698,101.94,90.0,0.0,45.0,45.0,0.0,40.0,-0.0,否,0.000,0.000,0.000,0.0,0.0,0.0
2026-01-24 09:42:12.698,101.96,90.0,0.0,45.0,45.0,0.0,40.0,-0.0,否,0.000,0.000,0.000,0.0,0.0,0.0
2026-01-24 09:42:12.698,101.98,90.0,0.0,45.0,45.0,0.0,40.0,-0.0,否,0.000,0.000,0.000,0.0,0.0,0.0
2026-01-24 09:42:12.698,102.00,90.0,0.0,45.0,45.0,0.0,40.0,-0.0,否,0.000,0.000,0.000,0.0,0.0,0.0
2026-01-24 09:42:12.698,102.02,90.0,0.0,45.0,45.0,0.0,40.0,-0.0,否,0.000,0.000,0.000,0.0,0.0,0.0
2026-01-24 09:42:12.698,102.04,90.0,0.0,45.0,45.0,0.0,40.0,-0.0,否,0.000,0.000,0.000,0.0,0.0,0.0
2026-01-24 09:42:12.698,102.06,90.0,0.0,45.0,45.0,0.0,40.0,-0.0,否,0.000,0.000,0.000,0.0,0.0,0.0
2026-01-24 09:42:12.698,102.08,90.0,0.0,45.0,45.0,0.0,40.0,-0.0,否,0.000,0.000,0.000,0.0,0.0,0.0
2026-01-24 09:42:12.698,102.10,89.9,0.0,45.0,44.9,0.0,40.0,-0.1,否,0.000,0.000,0.000,0.0,0.0,0.0
2026-01-24 09:42:12.698,102.12,89.9,0.0,45.0,44.9,0.0,40.0,-0.1,否,0.000,0.000,0.000,0.0,0.0,0.0
2026-01-24 09:42:12.908,102.14,89.6,0.0,45.0,44.7,0.0,40.0,-0.3,否,0.000,0.000,0.000,0.0,0.0,0.0
2026-01-24 09:42:12.908,102.16,89.6,0.0,45.0,44.7,0.0,40.0,-0.3,否,0.000,0.000,0.000,0.0,0.0,0.0
2026-01-24 09:42:12.908,102.18,89.6,0.0,45.0,44.7,0.0,40.0,-0.3,否,0.000,0.000,0.000,0.0,0.0,0.0
2026-01-24 09:42:12.908,102.20,89.7,0.0,45.0,44.8,0.0,40.0,-0.2,是,0.000,0.000,0.000,0.0,0.0,0.0
2026-01-24 09:42:12.908,102.22,89.4,0.0,45.0,44.5,0.0,40.0,-0.4,是,0.000,0.000,0.000,0.0,0.0,0.0
2026-01-24 09:42:12.908,102.24,89.4,0.0,45.0,44.5,0.0,40.0,-0.4,是,0.000,0.000,0.000,0.0,0.0,0.0
2026-01-24 09:42:12.908,102.26,89.3,0.0,45.0,44.4,0.0,40.0,-0.5,是,0.000,0.000,0.000,0.0,0.0,0.0
2026-01-24 09:42:12.908,102.28,89.1,0.0,45.0,44.3,0.0,40.0,-0.6,是,0.000,0.000,0.000,0.0,0.0,0.0
2026-01-24 09:42:12.908,102.30,88.7,0.0,45.0,44.0,0.0,40.0,-0.9,是,0.000,0.000,0.000,0.0,0.0,0.0
2026-01-24 09:42:12.908,102.32,88.7,0.0,45.0,44.0,0.0,40.0,-0.9,是,0.000,0.000,0.000,0.0,0.0,0.0
2026-01-24 09:42:12.908,102.34,88.6,0.0,45.0,43.9,0.0,40.0,-1.0,是,0.000,0.000,0.000,0.0,0.0,0.0
2026-01-24 09:42:12.908,102.36,88.4,0.0,45.0,43.7,0.0,40.0,-1.1,是,0.000,0.000,0.000,0.0,0.0,0.0
2026-01-24 09:42:12.908,102.38,88.3,0.0,45.0,43.6,0.0,40.0,-1.2,是,0.000,0.000,0.000,0.0,0.0,0.0
2026-01-24 09:42:12.908,102.40,88.3,0.0,45.0,43.6,0.0,40.0,-1.2,是,0.000,0.000,0.000,0.0,0.0,0.0
2026-01-24 09:42:12.908,102.42,88.1,0.0,45.0,43.5,0.0,40.0,-1.3,是,0.000,0.000,0.000,0.0,0.0,0.0
2026-01-24 09:42:12.908,102.44,88.1,0.0,45.0,43.5,0.0,40.0,-1.3,是,0.000,0.000,0.000,0.0,0.0,0.0
2026-01-24 09:42:12.908,102.46,87.8,0.0,45.0,43.3,0.0,40.0,-1.5,是,0.000,0.000,0.000,0.0,0.0,0.0
2026-01-24 09:42:12.908,102.48,87.8,0.0,45.0,43.3,0.0,40.0,-1.5,是,0.000,0.000,0.000,0.0,0.0,0.0
2026-01-24 09:42:12.908,102.50,87.7,0.0,45.0,43.2,0.0,40.0,-1.6,是,0.000,0.000,0.000,0.0,0.0,0.0
2026-01-24 09:42:12.908,102.52,87.5,0.0,45.0,43.1,0.0,40.0,-1.7,是,0.000,0.000,0.000,0.0,0.0,0.0
2026-01-24 09:42:12.908,102.54,87.1,0.0,44.9,42.7,0.0,39.9,-2.0,是,0.000,0.000,0.000,0.0,0.0,0.0
2026-01-24 09:42:12.908,102.56,87.1,0.0,44.9,42.7,0.0,39.9,-2.0,是,0.000,0.000,0.000,0.0,0.0,0.0
2026-01-24 09:42:12.908,102.58,87.1,0.0,44.9,42.7,0.0,39.9,-2.0,是,0.000,0.000,0.000,0.0,0.0,0.0
2026-01-24 09:42:12.908,102.60,87.0,0.0,44.9,42.6,0.0,39.9,-2.1,是,0.000,0.000,0.000,0.0,0.0,0.0
2026-01-24 09:42:12.908,102.62,87.0,0.0,44.9,42.6,0.0,39.9,-2.1,是,0.000,0.000,0.000,0.0,0.0,0.0
2026-01-24 09:42:13.523,102.64,87.1,0.0,44.9,42.7,0.0,39.9,-2.0,是,0.000,0.000,0.000,0.0,0.0,0.0
2026-01-24 09:42:13.523,102.66,87.0,0.0,44.9,42.6,0.0,39.9,-2.1,是,0.000,0.000,0.000,0.0,0.0,0.0
2026-01-24 09:42:13.523,102.68,87.0,0.0,44.9,42.6,0.0,39.9,-2.1,是,0.000,0.000,0.000,0.0,0.0,0.0
2026-01-24 09:42:13.523,102.70,87.0,0.0,44.9,42.6,0.0,39.9,-2.1,是,0.000,0.000,0.000,0.0,0.0,0.0
2026-01-24 09:42:13.523,102.72,86.8,0.0,44.9,42.5,0.0,39.9,-2.2,是,0.000,0.000,0.000,0.0,0.0,0.0
2026-01-24 09:42:13.523,102.74,87.1,0.0,44.9,42.7,0.0,39.9,-2.0,是,0.000,0.000,0.000,0.0,0.0,0.0
2026-01-24 09:42:13.523,102.76,86.7,0.0,44.9,42.4,0.0,39.9,-2.3,是,0.000,0.000,0.000,0.0,0.0,0.0
2026-01-24 09:42:13.523,102.78,86.7,0.0,44.9,42.4,0.0,39.9,-2.3,是,0.000,0.000,0.000,0.0,0.0,0.0
2026-01-24 09:42:13.523,102.80,86.5,0.0,44.9,42.3,0.0,39.9,-2.4,是,0.000,0.000,0.000,0.0,0.0,0.0
2026-01-24 09:42:13.523,102.82,86.2,0.0,44.9,42.0,0.0,39.9,-2.7,是,0.000,0.000,0.000,0.0,0.0,0.0
2026-01-24 09:42:13.523,102.84,86.2,0.0,44.9,42.0,0.0,39.9,-2.7,是,0.000,0.000,0.000,0.0,0.0,0.0
2026-01-24 09:42:13.523,102.86,86.7,0.0,44.9,42.4,0.0,39.9,-2.3,是,0.000,0.000,0.000,0.0,0.0,0.0
2026-01-24 09:42:13.523,102.88,86.4,0.0,44.9,42.2,0.0,39.9,-2.5,是,0.000,0.000,0.000,0.0,0.0,0.0
2026-01-24 09:42:13.523,102.90,86.1,0.0,44.9,41.9,0.0,39.9,-2.7,是,0.000,0.000,0.000,0.0,0.0,0.0
2026-01-24 09:42:13.523,102.92,86.2,0.0,44.9,42.0,0.0,39.9,-2.7,是,0.000,0.000,0.000,0.0,0.0,0.0
2026-01-24 09:42:13.523,102.94,85.9,0.0,44.9,41.8,0.0,39.9,-2.9,是,0.000,0.000,0.000,0.0,0.0,0.0
2026-01-24 09:42:13.523,102.96,85.7,0.0,44.9,41.6,0.0,39.9,-3.0,是,0.000,0.000,0.000,0.0,0.0,0.0
2026-01-24 09:42:13.523,102.98,85.5,0.0,44.9,41.5,0.0,39.9,-3.1,是,0.000,0.000,0.000,0.0,0.0,0.0
2026-01-24 09:42:13.523,103.00,85.5,0.0,44.9,41.5,0.0,39.9,-3.1,是,0.000,0.000,0.000,0.0,0.0,0.0
2026-01-24 09:42:13.523,103.02,85.8,0.0,44.9,41.7,0.0,39.9,-2.9,是,0.000,0.000,0.000,0.0,0.0,0.0
2026-01-24 09:42:13.523,103.04,85.8,0.0,44.9,41.7,0.0,39.9,-2.9,是,0.000,0.000,0.000,0.0,0.0,0.0
2026-01-24 09:42:13.523,103.06,85.8,0.0,44.9,41.7,0.0,39.9,-2.9,是,0.000,0.000,0.000,0.0,0.0,0.0
2026-01-24 09:42:13.523,103.08,85.8,0.0,44.9,41.7,0.0,39.9,-2.9,是,0.000,0.000,0.000,0.0,0.0,0.0
2026-01-24 09:42:13.523,103.10,85.8,0.0,44.9,41.7,0.0,39.9,-2.9,是,0.000,0.000,0.000,0.0,0.0,0.0
2026-01-24 09:42:13.524,103.12,85.5,0.0,44.9,41.5,0.0,39.9,-3.1,是,0.000,0.000,0.000,0.0,0.0,0.0
2026-01-24 09:42:13.907,103.14,85.5,0.0,44.9,41.5,0.0,39.9,-3.1,是,0.000,0.000,0.000,0.0,0.0,0.0
2026-01-24 09:42:13.907,103.16,85.5,0.0,44.9,41.5,0.0,39.9,-3.1,是,0.000,0.000,0.000,0.0,0.0,0.0
2026-01-24 09:42:13.907,103.18,85.5,0.0,44.9,41.5,0.0,39.9,-3.1,是,0.000,0.000,0.000,0.0,0.0,0.0
2026-01-24 09:42:13.907,103.20,85.5,0.0,44.9,41.5,0.0,39.9,-3.1,是,0.000,0.000,0.000,0.0,0.0,0.0
2026-01-24 09:42:13.907,103.22,85.5,0.0,44.9,41.5,0.0,39.9,-3.1,是,0.000,0.000,0.000,0.0,0.0,0.0
2026-01-24 09:42:13.907,103.24,85.5,0.0,44.9,41.5,0.0,39.9,-3.1,是,0.000,0.000,0.000,0.0,0.0,0.0
2026-01-24 09:42:13.907,103.26,85.4,0.0,44.9,41.4,0.0,39.9,-3.2,是,0.000,0.000,0.000,0.0,0.0,0.0
2026-01-24 09:42:13.907,103.28,85.4,0.0,44.9,41.4,0.0,39.9,-3.2,是,0.000,0.000,0.000,0.0,0.0,0.0
2026-01-24 09:42:13.907,103.30,85.4,0.0,44.9,41.4,0.0,39.9,-3.2,是,0.000,0.000,0.000,0.0,0.0,0.0
2026-01-24 09:42:13.907,103.32,85.4,0.0,44.9,41.4,0.0,39.9,-3.2,是,0.000,0.000,0.000,0.0,0.0,0.0
2026-01-24 09:42:13.907,103.34,85.4,0.0,44.9,41.4,0.0,39.9,-3.2,是,0.000,0.000,0.000,0.0,0.0,0.0
2026-01-24 09:42:13.907,103.36,85.4,0.0,44.9,41.4,0.0,39.9,-3.2,是,0.000,0.000,0.000,0.0,0.0,0.0
2026-01-24 09:42:13.907,103.38,85.4,0.0,44.9,41.4,0.0,39.9,-3.2,是,0.000,0.000,0.000,0.0,0.0,0.0
2026-01-24 09:42:13.907,103.40,85.4,0.0,44.9,41.4,0.0,39.9,-3.2,是,0.000,0.000,0.000,0.0,0.0,0.0
2026-01-24 09:42:13.907,103.42,85.4,0.0,44.9,41.4,0.0,39.9,-3.2,是,0.000,0.000,0.000,0.0,0.0,0.0
2026-01-24 09:42:13.907,103.44,85.2,0.0,44.8,41.2,0.0,39.9,-3.3,是,0.000,0.000,0.000,0.0,0.0,0.0
2026-01-24 09:42:13.907,103.46,85.1,0.0,44.8,41.1,0.0,39.9,-3.4,是,0.000,0.000,0.000,0.0,0.0,0.0
2026-01-24 09:42:13.907,103.48,85.1,0.0,44.8,41.1,0.0,39.9,-3.4,是,0.000,0.000,0.000,0.0,0.0,0.0
2026-01-24 09:42:13.907,103.50,85.1,0.0,44.8,41.1,0.0,39.9,-3.4,是,0.000,0.000,0.000,0.0,0.0,0.0
2026-01-24 09:42:13.907,103.52,85.1,0.0,44.8,41.1,0.0,39.9,-3.4,是,0.000,0.000,0.000,0.0,0.0,0.0
2026-01-24 09:42:13.907,103.54,85.1,0.0,44.8,41.1,0.0,39.9,-3.4,是,0.000,0.000,0.000,0.0,0.0,0.0
2026-01-24 09:42:13.907,103.56,85.1,0.0,44.8,41.1,0.0,39.9,-3.4,是,0.000,0.000,0.000,0.0,0.0,0.0
2026-01-24 09:42:13.907,103.58,85.1,0.0,44.8,41.1,0.0,39.9,-3.4,是,0.000,0.000,0.000,0.0,0.0,0.0
2026-01-24 09:42:13.907,103.60,85.1,0.0,44.8,41.1,0.0,39.9,-3.4,是,0.000,0.000,0.000,0.0,0.0,0.0
2026-01-24 09:42:13.907,103.62,85.1,0.0,44.8,41.1,0.0,39.9,-3.4,是,0.000,0.000,0.000,0.0,0.0,0.0
